index,reviewbody,star,location_traffic,location_distance_from_business_district,location_easy_to_find,service_wait_time,service_waiters_attitude,service_parking_convenience,service_serving_speed,price_level,price_cost_effective,price_discount,environment_decoration,environment_noise,environment_space,environment_cleaness,dish_portion,dish_taste,dish_look,dish_recommendation
46277,状元楼饭店第一次去，因为地理位置优越：在宁波市和义大道高、大、上，里面装修中式，菜是地道的宁波菜，口味纯正，醉泥螺特棒，吃到了小时候的味道，因为去了晚了，在大堂等了一会儿，期间有茶水喝、服务员还与你聊天，到了就餐时生意太好，服务员都是小跑状，服务态度绝对不提速，样样都服务到位，点酒水还耐心的与我们解释，就这样绝对要夸一夸，特别是彭新星、洪继华（看服务牌才知道名字）也给我们宁波市形象增色，状元楼是宁波的一扇窗口，服务员的素质更体现我们宁波人的精神面貌。赞一个,5.0,1,1,1,-2,1,-2,-2,-2,-2,-2,1,-2,-2,-2,-2,1,-2,-2
23691,我最爱他们家的猪手，麻辣鸡爪，肉片口磨，道道菜都是家常菜的味道，非常的好吃，是原来的昊烨，和长白街北的强烨饭店，是仔妹店，相同却又不是太相同，弥补了强烨的一个遗憾，就是强烨现在没有宵夜了，老妈家有宵夜，10点以后可以过来。整体用餐环境，干净整洁，简单清爽，有上下两层.服务也是很到位！老板人超级好，特别好说话！南京地地道道的本土菜，需要支持一下！！！适合亲朋好友稍微小聚一下，门口就是公交站台，非常方便！,5.0,1,-2,-2,-2,1,-2,-2,-2,-2,-2,-2,-2,-2,1,-2,1,-2,-2
23660,我是比较喜欢荣新馆的，因为材料新鲜，服务又好，价格适中，但是老公每次吃都会拉肚子，特神奇，我喜欢鳌虾，感觉比牡丹虾好吃，但是我们这种小胃口，一人四个也就饱了。对于不吃鱼的人来说，吃日料真的比较亏，只能吃螃蟹，海胆和海螺等带壳海鲜。里面服务员一直很热情，会叫我们多点些，可能每次来，给服务员感觉都是我们吃的太少了，但是感觉这里一直是海鲜食材新鲜，但是熟物的味道，我感觉一般，没有那么惊艳。给予四星，是因为老公会拉肚子，上次我弟弟也拉肚子，貌似女生都好好的，男生就难说了！,4.0,-2,-2,-2,-2,1,-2,-2,0,-2,-2,-2,-2,-2,-2,-2,0,1,-2
379,8.8秒杀的多嘴肉蟹煲，第一天开业就去了，大众点评很给力，排了两个半小时的队才轮到，他家很年轻化，服务员不时出来跳舞啥的，挺有意思，第一天分享还有小礼物，点赞还送饮料，可惜没赶上，点了8元一份的米饭，米饭是砂锅装的，非常好吃，泡多嘴肉蟹煲的汤吃更棒，还点了一个馍，沾着辣肉酱吃，得趁热吃，不然馍就硬不好吃了，肉蟹煲里面很丰富，满满一大锅，里面有螃蟹，大虾，年糕，鸡爪，螃蟹肉很多，真的是肉蟹，鸡爪很好吃，做的软糯的，非常不错，里面还有花生腐竹，味道都不错，服务也很到位，开业第一天最后吃完的，服务员还送了西瓜，很贴心，还会再来的，推荐哦，大家都快点来吃吧，非常划算的,5.0,-2,-2,-2,-1,1,-2,-2,0,-2,1,-2,-2,-2,-2,1,1,-2,-2
13811,喜欢KOI好多年了，但是看着它的价格在一路飙涨，真心是有点越来越爱不起来了呢。不过还好有大众点评的闪惠，每周四半价，太便宜啦~棒棒的~~\\n还是一如既往点了最爱的蒟蒻，其实也不是真的蒟蒻啦，就是椰果，但是我就是好喜欢呢。而且一定是要微糖，常温，这样才是最好的味道。大杯22，中杯17.\\n朋友爱吃仙草，所以给他点了仙草蜜，满满一大杯的仙草，也是不错吃的呢。中杯18.\\n蔡塘广场的这家不是很好找。在一楼的广场中央，幸得小伙伴指点，在钓鱼池的旁边。也有几张桌子可以坐人。还是不错的。,5.0,-2,1,-1,-2,-2,-2,-2,1,-2,1,-2,-2,-2,-2,1,1,-2,-2
26476,"月底就是父亲生日了今天去给老爸订了个板栗蓉的蛋糕，感觉很划算，现在大众点评网搞活闪付5折很划算,订108元的蛋糕只用支付68，活动名额有限喔！每天10点开始抢完为止！除了可以订生日蛋糕，买月饼、面包蛋糕也可以，只要是店里卖的都可以要！十分划算，活动到2015.10.17止喔！滋味蛋糕味道不错，25一个吃起来嫩嫩的感觉，今天一下买了2个当早餐吃，还有可爱的小熊蛋糕好可爱,下次还会光顾喜莲娜，你也来试试吧",5.0,-2,-2,-2,-2,-2,-2,-2,1,1,1,-2,-2,-2,-2,-2,1,1,-2
13894,嗯，第三次来了，西米糕没有了，遗憾；中午来的时候还是人多要等，估计和工作日有关，上次工作日晚上来的，就没等什么；所以大家注意时间去；冬阴功汤比上次味道略淡，但是老板是说怕有些客人不喜欢重口，但是我建议还是按照风味来，毕竟可以在点菜的时候解说下；就是上菜要一桌一桌来上…… 猪颈肉刚觉比上次好吃，柠檬鱼也是很新鲜，都吃完了，推荐。\\n可能店不是很大，服务员也不多，今天就一个妹子，有时候喊不过来，等待一长就添茶水比较慢。\\n然后就是现在有闪单优惠，还是划算。,4.0,-2,-2,-2,-2,0,-2,-2,-2,1,0,-2,-2,0,-2,-2,0,1,1
27690,本来没打算吃火锅的，这家味道实在太香....店里有实付100送50抵价券的活动，还好优惠买单叠加，又送饮料菜品啥的，两个人吃了160超划算！\\n菜品讲道理一般，招牌的虾球丸子还可以，其他标准水平，比较细节的是娃娃菜切的很细，这在火锅里比较少见，但能在蔬菜上下功夫，还是蛮用心的orz\\n环境不错，交通方便，服务员热情又不让人尴尬，不插话不打断客人，叫的时候随时能过来\\n也有差评项，水果切的有味道...刀没洗干净吧,4.0,1,-2,-2,-2,1,-2,-2,0,1,0,1,1,1,1,-2,0,-2,-2
39309,这店在仓边路公车站附近 老字号 是一家价格实惠的简餐店。以快餐和粥粉面为主 也有小炒等。环境一般 就是普通的装修 有一楼二楼和夹层 挺多座位的。夹层空间比较局促 一般选择一楼或二楼用餐。常规出品 没什么惊喜 就是简便快捷。没WiFi。现金埋单。\\n\\n水煮牛肉 牛肉挺嫩滑的 配菜是豆芽。叉烧肥牛米粉 分量可以 米粉爽口。水煮生菜 不过不失 没什么味道。以前吃过这里的粥 听说是招牌 但是粥底真的不怎么 不够绵 再来也不会吃粥。,2.0,1,-2,-2,-2,-2,-2,-2,1,-2,-2,0,0,-1,0,1,0,-2,-2
8664,"其实本来是要去吃郑爽爽咖喱羊排的,可是,没想到杀过去的时候店门竟然没开,明明那时候已经12点了呀Ծ‸Ծ难道是周日店休么。。。好讨厌的感觉啊啊啊,尤其是刚刚交完5块钱停车费的人表示心好塞啊啊啊,鉴于已经停了车,而且这一代平时也不太会专程来,那就干脆在附近觅个食吧。打开点评的APP一搜,忽然发现旁边有美邻扁食,印象之前在微博上也看到过好几次,貌似是老字号了,那就随遇而安走一个呗。\\n店面不大,装修也很简单,不过人气很旺的样子,一直有客人进进出出,翻桌率很高。店里东西不算很丰富,简单几样扁食拌面猪肝汤脱骨肉汤,以及猪肝跟脱骨肉单拌跟加面。要了扁食拌面以及一份猪肝汤面,出菜速度那叫一个快,咻咻的。卖相就是非常classic的扁食拌面,分量适中,汤热乎乎的,在这阴冷阴冷的天气真是非常舒服。汤头甜的出乎意料,正在寻思是不是加了啥调料,忽然听到进门一个老客人点餐说扁食不要加味精,恍然大悟,原来如此,还可以要求不加味精的啊？!不过汤里本身就有冬菜跟葱花,其实即便只是清汤也不会差。扁食很Q弹,不过感觉偏咸,店里也有生的让人打包回家自己煮。出乎意料的是拌面跟猪肝面都很好吃,拌面加了一点点汤所以不会太干,花生酱吃起来真是香!!猪肝脆脆的口感也很棒,难怪那么多人直接点拌猪肝。3碗一共21,吃的浑身暖洋洋的,真舒服啊,下次有经过可以再来一碗୧( ""̮ )୨✧ᐦ̤",3.0,-2,-2,-2,-2,-2,1,1,0,-2,-2,0,-2,-2,-2,0,1,1,-2
35904,被朋友意外拉来重庆玩，简直是一场说走就走的旅行。去重庆的前一天还在纠结到底是重庆还是成都，然而第二天就妥妥的买了重庆的票。其实两个城市对我而言都是满意的，因为火锅，因为麻辣。\\n\\n第一天到了已经中午11点，人困马乏，所以打算休息一会下午去解放碑逛吃逛吃。好吃街因为离解放碑超近所以也成为大家慕名而来的地方，这条小吃街虽然短，但是食物真的是超级好吃啊。好又来酸辣粉一直是朋友的强烈推荐，也是各个美食吃货家们必需来一碗的小吃，我当然也不例外。\\n\\n一开始没有找对地方，导航真的是太不给力，带着我们直绕圈，在王府井往前也有一家好又来，但是并没有酸辣粉，只有绿色的凉皮还有烤鱿鱼之类的，这家我们也吃了，主要是一开始你找到。后来去了一家买冰水喝，问了老板好吃街的具体地点，才发现原来这么近，呵呵呵，简直了。一眼就看到了排了好多人的好又来酸辣粉，好多人都端着碗在小小的店铺门口吃的超级爽。我们虽然刚才也吃了不少，但还是又来了一碗酸辣粉还有刨冰吧。酸辣粉上面是杂酱，味道非常过瘾麻辣，吃得好嗨，爱吃辣的人绝对不能错过，然后配着挫冰吃，简直爽爆了好吗！然后呢，价钱也不贵，6块钱一碗，较于其他地方，重庆来说物价相对来说还是便宜的，毕竟放假便宜吧，这样食物里的存在成本自然也低。刨冰还是挫冰也是6块，但是真的很好吃啊。,5.0,-2,1,0,-1,-2,-2,-2,1,-2,-2,-2,-2,-2,-2,-2,1,-2,-2
15584,在来福士逛，过了饭点不想去吃正餐就在地下一层随便逛逛，出了室内区域就看到了这家店，搜了下点评感觉还可以就进去了，过了饭点店里的人不算很多，点了个套餐，米线有点过桥米线的感觉生的食材现场放锅里，点了番茄的底，米线还挺入味的，汤也好喝，作为一个对汤没有抵抗力的人依旧是喝光汤的节奏，豆浆是用粉泡的基本口味跟kfc的豆浆持平，肉串味道也蛮好的，是比较满意的简餐，车子停在来福士现在凭吃饭的小票消费满额可以去服务台领5块的停车券，之前忘了买单的时候想来店家也帮忙重新打印单子了服务态度还挺好的,4.0,-2,-2,-2,-2,1,1,-2,-2,-2,0,-2,-2,-2,-2,-2,1,-2,-2
491,Baker&Spice是上海Wagas（沃歌斯，后文为方便起见均用该名称代指Baker&Spice）旗下的餐厅。沃歌斯青岛首家餐厅位于万象城LG层中门外侧，意外不是很起眼的位置，在猪头肉印象里这家餐厅也相对比较低调，一直不温不火。正如其名，该餐厅的主营的糕点和意面披萨等简餐都有非常不错的水准。近期经常来沃歌斯，所以就做一下较深度点评。\\n\\n       沃歌斯的装修陈设简洁明亮，偏向北欧范儿。而没做吊顶的裸顶和垂下来的白炽灯又带着一丝工业风。高端文艺范的环境已经成功拉升了餐厅的格调。\\n        在沃歌斯点过两次沙拉，一次凯撒沙拉一次鸡肉芒果沙拉。虽然猪头肉并不喜欢吃生菜多的沙拉，不过沃歌斯的沙拉味道确实非常不错。凯撒沙拉是经典名菜了。沃歌斯的凯撒沙拉默认是不加鸡肉，加鸡肉需要加18元。猪头肉就后悔当时没有加钱加鸡肉。简版的凯撒沙拉是鹌鹑蛋、肉脯碎配蔬菜，上面撒着类似面包糠的碎屑。沃歌斯的沙拉首先胜在食材质量，鹌鹑蛋和生菜不说，肉脯碎的味道就很正，大有双鱼牌的赶脚。另外凯撒沙拉的的酱汁也非常地道。鸡肉芒果沙拉是这里沙拉类的销售冠军。鸡肉烤的火候适中，肉质紧实。芒果切的非常大块，吃到确实很爽。以牛油果为首的各类蔬果配菜也非常丰富。特制的酸甜味酱汁配奶油的味道清新独特，非常开胃。\\n\\n        意面半两尝过三款，各有特色，总体感觉都非常不错。细面配三文鱼通过烹制过程中加入少量奶油很好的烘托了三文鱼浓郁的味道。而选择在食用过程中挤一点柠檬汁则可以中和油腻感和厚重感，增加一丝清新。白葡萄酒海鲜意面是意面类的销售冠军，辅料是虾仁、比管、花蛤还有一点圣女果干和西芹。这款意面比其他意面都要少油，相对的却可以明显的尝出白葡萄酒的清香，而圣女果干沉淀的酸甜和西芹的水嫩很好的配合了白葡萄酒的香味。使用的海鲜鲜度也非常高，虾仁出自本地鲜活的海捕虾。可以明显尝得出来整道意面并没有使用提鲜的调味料，鲜度完全来自于以海虾为首的海鲜。绿酱鸡肉意面使用的罗勒酱味道非常纯正，单是罗勒酱就很赞了。配上奶油口感浓醇爽滑，搭配的空心粉和鸡肉也超合拍。这道意面强力推荐。\\n\\n        沃歌斯还有几款东南亚风的咖喱饭，猪头肉点过其中一款泰式辣味牛肉。这款咖喱是由牛肉、泡发海菜、菜椒和腰果烹制的。牛肉选用的是类似里脊牛腩的部位，肉质很嫩又有嚼劲。咖喱的香辛料绘制出的鲜辣味道很过瘾，而海菜的谷氨酸做了出色的点缀。咖喱的汤汁比较浓稠，配菜的长粒香米质量也很好。配在一起整道菜的体验还是很不错的。\\n\\n         披萨试过两款，意式海鲜披萨和火腿蘑菇披萨。沃歌斯的披萨都是薄饼底。可能是在面团里放了小苏打，披萨的饼底非常蓬松酥脆。披萨的芝士也是超级多，味道也很正，跟特制的薄饼底正是绝配。意式海鲜披萨使用的海鲜与海鲜意面相同，也是突出了以海虾为首的海鲜带来的鲜味。而火腿蘑菇披萨则以口菇特有的鲜味很好的衬托了优质火腿的肉香。这两款披萨都非常推荐。\\n\\n         沃歌斯的甜品品质也非常不错。树莓巧克力挞的酱汁酸味很重，是纯正的树莓果酱。芒果杏仁芝士蛋糕的芒果切得也很大块，中间夹的应该是奶油和芝士混合的酱，饼底的杏仁蛋糕味道很正。胡萝卜蛋糕的酱类似卡仕达酱，但很甜，就像混合了蜂蜜或者炼乳，口感非常醇厚。胡萝卜蛋糕的饼底口感也是醇厚到类似粗粮蛋糕或是枣糕的感觉，里面有胡萝卜和山核桃，也是非常不错。\\n\\n        沃歌斯的简餐和甜品水平都比较高，在同等价位里算是制作非常精致味道比较考究的了。面包没尝过，不妄作评断。目前不是很火爆，所以环境还是很好的。缺点是临街店内会有飞虫。另外猪头肉爆料一下，楼上CGV影院的会员卡在这里除了饮品之外都可享七五折，在万象城性价比还是蛮高的。,5.0,-2,1,-1,-2,-2,-2,-2,-2,1,1,1,1,1,1,1,1,1,1
13864,喝喜酒过来的，虽然说是四星级，但对于普通老百姓来说已经是比较高大上的了，办喜宴在这个市中心的位置也算是不错了！~大厅挺大的，到了饭点人也非常多，朋友定在这边据说也排了好久！~菜单清一色的杭帮菜，很符合我们这边的口味！~服务也很到位，全程都有服务员在边上，服务非常的热情！~上菜速度也比较符合我们用餐的时间！~整个大厅高度和大小都比较合适婚礼布置！~停车也相对方便，都有指引，交通也便利，方便喝酒的亲戚！~,5.0,1,-2,-2,1,1,1,1,-2,-2,-2,-2,-2,1,-2,-2,-2,-2,-2
6553,以前老来这里吃饭，特别是特色菜乾隆白菜和水煮鱼，每次我馋肉了就来这里吃这个，在二层，环境好，可以看到街上的风景，中午来也好晚上来也好，是聚会的好选择，这里服务态度好，环境好，做菜味道好，在东四也有好多年了，是一家有自己风格的菜馆，我喜欢来这里，是因为交通方便，又可以逛街累了在这里歇歇脚，这里人气旺，附近的居民都知道这里，谁家请客吃饭过生日都会想到这里，吃饭价格本来就不算贵，还可以办卡有优惠，特划算。,5.0,1,-2,-2,-2,1,-2,-2,1,1,0,1,1,1,1,-2,1,-2,-2
47131,这家店位于 兴庆区核心商圈新华东街平安巷25号（天长地久婚纱摄影正对面），位置很好找。因为是银川最繁华的街，所以不建议自己开车来这里吃饭，停车就是个大难题。坐公交来就方便多了，有多路公交，坐到国芳百盛下车，走几十米，斜对面的巷子里就是。店铺分上下两层，一楼大厅散座，二楼包间，店里生意很好，人很多，包间要提前预订。店里主要经营海鲜，食材很新鲜，口味属于南方那种清淡的，菜的分量给的也特别足，老板人也很热情。人均消费大概100左右。,4.0,1,1,1,-2,1,-1,-2,0,-2,-2,-2,-2,-2,-2,1,1,-2,-2
39185,这家靓记港式茶餐厅位于解放碑海逸酒店旁边的观景台的下面，蓝色的门面，看上去还是可以的。有点隐于市的感觉，门面不是很显眼的地方。一般都看不到他们家的，其实上面是有块牌子的。\\n进门可以看到他们店分为了两层，由于是下午过去的，所以上面一层没有开放，就下楼梯到达下面一层的。上面一层第一感觉还是有点压抑的感觉，空间不是很高的。\\n就下面一层来说空间感觉还好，环境来说还是挺典型的茶餐厅的摆设，很简单的长沙发式椅子配上玻璃的木质桌子分在了两边，中间圆形的桌子加上和长沙发一样颜色的椅子。最里面是出菜区域，摆放了一些餐具，然后挂上了电视，播放着港剧。\\n团购的他们家的下午茶套餐，16.8元，可以从几种东西里面去选择。我选择了经典的奶茶和菠萝油。奶茶用了很简单的陶瓷杯承装，份量还是感觉可以的。白色杯子上面有他们家的LOGO。味道还是很好喝的，是我觉得挺正宗的奶茶啦！\\n菠萝油，这个味道也是挺好的，酥皮的感觉是正确的。大小来说还是有这么大一个的。\\n总体来说，这个下午茶的东西还是挺不错的，价格来说比一般的茶餐厅搞的团购价格还是稍微要贵一些的，还是能够接受的。看了看他们家的餐牌，感觉价格来说都还是有点小贵的，也不知道是不是位于解放碑这个位置的原因。,4.0,-2,-2,-1,-2,-2,-2,-2,-1,-2,-2,0,0,0,-2,1,1,-2,-2
6268,他家还是前年左右在一店吃过当时赶脚还是蛮不错的啦，反正夏天必备精神食粮；持续减肥中，为避免回家胡吃海喝，最近都是下班后吃点轻食再回家，不过其实冷面也是能吃蛮饱的ORZ，一份冷水面加冰块，吃得好撑啊，之前不该喝太多水...他家面条配料其实一般，除了几片牛肉就是一点黄瓜丝和泡菜，然后卤蛋半个，我怎么记得以前是一整个？这种韩式冷面因为太劲道所以需要多次咀嚼否则很难消化掉，确实赶脚添加剂可能多了点，不宜多吃吧，反正就夏天偶尔次次，嘴馋的吃货是戒不了这一口的~,3.0,-2,-2,-2,-2,-2,-2,-2,-2,-2,-2,-2,-2,-2,-2,-2,0,-2,-2
14924,在交大附近，桥下的路口靠近北京海洋馆。不是很好找。环境挺好的，服务员也不错，最近刚改过菜单。有包间。中午人多上菜有点慢。不过素菜很难做，可以理解。南瓜羹不错，实际不难做。挺真材实料的，比韩国烤肉送的好吃。二指禅是火腿肠形状的，六块一根，以假乱真。还能看到肥肉粒。糖醋鱼完全是鱼肉样子，还有鱼皮估计紫菜做的。不过有点硬。味道一般。肉饼好吃，完全和真肉口感，里面有点香菜，一份八块。还有团购。素菜推荐豌豆苗，很鲜嫩。他家蔬菜做的不错。虽然都是仿肉，也要荤素搭配。同事八个人去，点了满满一桌子，人均60。对了粉蒸肉别点，卖相难看和图片差距很大。推荐大家去试试，性价比不错。老板也很热情。,5.0,-2,-2,-1,-2,1,-2,-1,0,1,0,1,1,1,1,-2,0,-1,1
29583,淮南近年来蛋糕店开的是越来越多，生意也越来越好，其中最最最喜欢的还是乐伴屋。开了好多家连锁，逛到哪都有他的身影。旗舰店位于商贸西门正对面，很大的店面，两层高，一眼就能看到的那种，很醒目。咖色的外表，可爱的摆件加之闪烁的小灯，让人感觉这就是甜点咖啡屋，每每路过这总喜欢停下脚步进去点份蛋糕找个小位置坐会，一种小资的情调。小蛋糕甜而不腻，喜欢慕斯的，冰冰凉凉。一直默默地支持她们家，服务态度就是有旗舰店的高档。,4.0,-2,1,1,-2,0,-2,-2,-2,-2,-2,1,-2,-2,-2,-2,1,-2,-2
23578,我必须来评价！在瑞金路工作的时候老是听同事提，但是没在来吃。直到有一天来吃了！肥肠加腰花面简直简直了！现在不在那里上班了，仍然挂念着他们家的三鲜面和肥肠面呢…环境一般，因为是开在自己家门口的，老板娘特别健谈，会和你介绍他们俩的面怎么用料足，材料都是自己去挑选的，面条也是和别家不一样特别定的，总之去吃了她会特别热情。注意的是她家下午营业到三点就关门了，而且中午去晚的话可能想吃的菜就没了，所以还是早去点,5.0,-2,-2,-2,-2,1,-2,-2,-2,-2,-2,0,0,0,0,-2,1,-2,-2
34602,老北京铜锅我一向是拒绝的，清水锅底涮羊肉对重口味星人来说简直可怕到不行的存在。好在还有我爱的糖蒜可以解个腻。这家就在圆通地铁站旁边，非常好找。店里布置用了好多脸谱，京剧元素，装潢挺有味道。调料是自助的，像我这种不能吃芝麻酱的简直大喜，但是还是想说北京铜锅特制的腐乳芝麻酱其实很棒，不爱吃辣的口味清淡的，推荐就芝麻酱别的调料别加。食材方面，除了毛肚有些干，其他还好。上菜顺序最后才上肉，有点奇怪。其实吧，老北京涮羊肉，羊肉的新鲜和芝麻酱的正宗是最重要的。店里还给每个人提供了冰糖葫芦，就是融化了少于，建议商家做好融化措施。,4.0,1,-2,1,-2,-2,-2,-2,-2,-2,-2,1,-2,-2,-2,-2,1,-2,1
4633,五星级酒店的餐厅，占个环境好，私密性比较强，谈事儿和家里聚餐可以选在这里，但菜品口味一般般，服务员没什么笑脸。六个人包间消费近1800，包括15%的服务费。\\n\\n【菜品】广式茶点/川菜/湘菜，是他家主营。榴莲酥、豉汁凤爪都不错，剁椒鱼头之类的川湘菜差点儿火候。果盘吃完让他上才会上，你要不提，他也不提这茬儿。\\n\\n【服务】可以自带酒水，带了一瓶红葡萄一瓶白葡萄酒，用酒容器给你装好，还可以帮忙冰镇，这点基本五星都可以做到。上菜比较快，服务员就没个笑脸了，说话也冷冰冰的，需要好好培训一下。\\n\\n【环境】在酒店大堂穿过去侧面，大厅环境一般，包间确实不错，六个人很舒适，自带卫生间，曲径通幽处，适合商务宴请和家里\\n聚餐。\\n\\n总体上凑活吧。,3.0,-2,-2,-2,-2,0,-2,1,0,-2,-2,0,0,0,0,-2,0,-2,-2
25188,早就想吃了  今天终于去了  还是冒着雨去的  为了吃个饭也是挺拼的  人不多 上菜还挺快  担担面味道还行  但是面条我不知道是不是正宗的感觉没劲儿 小面味道很好 同样的我觉得面条本身不好吃软 没劲儿  红糖糍粑很好吃 好像炸年糕  红油水饺好吃 鲜肉馅的 口水鸡今天半价味道也不错 唯一不满意的是小笼包  不好吃 不建议点  这些东西看起来不贵  但是点点就不少  这些一共花了七十  关键我俩吃完没觉得饱 量小  而且太油腻  偶尔吃吃可以 没有什么特别惊艳的,4.0,-2,-2,-2,-2,-2,-2,1,0,-2,1,-2,-2,-2,-2,-1,0,-2,-1
12657,周日晚上汇京的地下一层，完全没什么人，进这家完全是因为刚好要在虹桥路地铁站附近吃饭，串串是相对比较能激起食欲的一个选项了。\\n\\n店面不大，几个四人座和几个两人座，锅底红油芝麻看起来很不粗，可是串串应该是热水里汆过就直接放里面的，有一半都没有浸没到锅底里，所以吃的时候基本没什么滋味，也就是牛肉是腌过的，还可以，青笋这种切大块的基本就是白煮菜的。所以理想中的麻辣鲜香，基本也就失望而归了。小菜里面的泡菜味道不错，值得推荐一下。,2.0,1,-2,-2,-2,-2,-2,-2,-2,-2,-2,-2,-2,0,-2,-2,0,-2,1
43901,刚开业的新店 主要卖厚吐司 感觉很适合吃早餐的店 就在移动营业厅旁边 有很多位子可以坐 沙发坐起来好舒服的 装修的也不错 而且店员都是年轻人 \\n今天正式营业第一天 原味奶茶只要一块钱 之前试营业也试过这家店的港味奶茶 港味奶茶的确茶味很重 味道有点像之前在大通冰室喝的丝袜奶茶 原味奶茶比起周围的奶茶茶味也算重了哈哈 我超级喜欢港味奶茶的\\n至于厚吐司 就是比一般的吐司厚一点的吐司 大份是小份的双倍 暂时只吃了夏威夷火腿厚吐司 芝士好厚 但是做了好久 感觉是个披萨也该烤好了 不过味道还是不错的\\n其实作为一个肉食控 好想试试超级左右腿的 奈何钱包空空 下次试试看 明天厚吐司半价 继续尝试别的口味哈哈哈,4.0,-2,-2,-2,-2,0,-2,-1,1,-2,1,1,1,1,1,-2,1,-2,-2
45334,很满意，感觉环境很好，干净，时尚。走进去，迎宾将你带进去，菜一会就上来了。我买的9.9元的团购，鸭爪爪鱼够麻够辣，鸭翅很香，里面有手擀粉，花菜，鱼。但我感觉鸭翅很好吃。另外点了一份牛肉大杂烩，里面有白菜，粉条，牛肉，牛肉丸，非常好吃。但感觉有些贵，46元一份，份量不是很多。这个餐厅还放有虾片，感觉比别家的好吃。\\n        卫生间很干净，尤其让人感觉到温馨的是，卫生间除了放有卫生纸外，盒子里还放有卫生巾，盒子上还写有提示语。,5.0,-2,-2,-2,-2,0,-2,0,-1,-2,0,1,1,-2,1,-1,1,-2,-2
42722,麦当劳和肯德基果然是好基友，有麦麦的地方肯定有肯德基，因为在家附近的原因，所以这家肯德基还蛮常来的，最近新装修了，风格变了下，也很贴心的在特定的座位下安有插座，供顾客手机充电之类的，不过毕竟是在车站附近，装修的再高大上，其实整体环境也是嘈杂的，偶尔还会见一两个人躺在椅子上睡觉。现在来肯德基我基本上都是只买蛋挞的，不是夸奖肯德基，它家的蛋挞真的是我吃过众多蛋挞里面味道最好的，不管是不是个人口味偏好，外酥里嫩，每次买的蛋挞都是热热的，咬一口中间的挞心还会流出来，吃的真的是满脸感动，不过蛋挞这种高热量的东西不要天天吃。偶尔吃吃就好了。管住嘴管住嘴。,4.0,1,-2,-2,-2,-2,-2,-2,-2,-2,-2,1,-1,0,-2,-2,1,-2,-2
12366,听门口的店员介绍感觉还不错就进来。结果真是失望透顶。套餐里的菜外面的说可以换，进来点之后一个店员先说不确定，然后换了一个说去问问厨房，故等之，回来之后说可以。于是下了单，并格外点了菜品。结果又重新来一个店员再次询问，态度很是奇怪。套餐就算便宜你们不想接待那干嘛要设呢？而且进门前我们就咨询过是否可以更换菜品的事宜。店员之间自己不交接好却三番五次地来询问顾客，并且态度很不友好。再来，我们去的时候不算是饭点，人也不多。可是上了三个素菜之后就再也没有菜上来了。。。是的，是再也没有，连套餐里的饭都没上。于是我们弱弱地催了下，因为你们也看过火锅店被人泼开水的新闻，态度好保命啊。然后过了一会上来的菜。。我们都震(wu) 惊（yu)了，经过几轮确认后竟然还是给我们上了进门前就说要更换的菜。。。这，我们非常不好意思地表达后又开始了更漫长的等待，中间忍不住催了下，一个店员说更换的菜品要输入电脑厨房才操作，所以要多等下，于是我们似乎明白之前多次的确认和询问是毫无意义的，那他们为什么要来确认几次呢，臣妾实在不懂啊……上来了一个菜，因为实在很饿，所以我们开心地吃了，一直到吃完摆了几个龙门阵还有个菜也没上。Orz。。。我们坐不下去了，因为已经快两个半小时了，于是我们请求结账，弱弱地表示可否不要那个菜，可是店员说快了，可是你们觉得我们还能相信他们吗？我们不吃了，以后再也不敢换菜了好吗。我们坚强地要求结账，然后是不是因为套餐菜没上齐结账比较麻烦，我们又等了好一会。好吧，终于老板开心滴说还是按套餐给我们算得，本来是不可以的哦……呵呵，可是老板大大，我们套餐里的饭还没上呢。。。终于走到最后一个流程，大家都觉得可以开心地去吃另一家了，结果前台收钱的姐姐恶恶地说让我们必须给零钱，最后的最后还不给发票。。。真是自作孽不可活啊，我以后再也不敢来了。看着外面还有那么多排号等着吃饭的人我陷入了深深地自责，三个小时，菜没上齐，饭也没吃上，还让那么多人等，我再也不敢了。。。,1.0,-2,-2,-2,-2,-1,-2,-1,-2,-2,-2,-2,-2,-2,-2,-2,-2,-2,-2
18991,"小小的一家店,在六楼，之前有次路过看到有户“人家”床上有个很大的爱心型的彩灯，没想到原来就是它家。店里有三只可爱的阿汪，柯基、雪纳瑞和泰迪，貌似分别叫做monster、puppy和球球。都很活泼，一拿两块小饼干逗它们，就都扒我大腿上来了，看来汪星人没有不贪吃的啊。店里的东西不贵，楼下是咖啡甜品，楼上是可以点酒水。华夫味道一般，喝的雪顶蓝柑荔枝苏打水，挺清爽的。虽然东西不怎么惊艳，但是因为三只汪星人，让我对这家店印象还是很好的。也许也正是三只汪星人，店里生意很好。",4.0,-2,-2,-2,-2,-2,-2,-2,0,-2,-2,-2,-2,-1,-2,-2,0,-2,-2
33136,第一次来到孙府大院，刚一进门就 给我两种感觉，第一个是很大，第二个就是很乱。我们是中午去的里面人很多都没有位子了，我们还在外面等了一小会。当服务员带着我们去点菜的时候我都傻掉了，居然是这种（看着菜点）点菜法，好吧我们最后点了三个菜。第一个是蒜黄炒鸡蛋，真是太咸了尤其是鸡蛋部分。第二个是鸡蛋饺子也很难吃。就只有第三个叫什么我忘了，还真的算是最好吃的了。环境很乱，还到处都有人抽烟，最讨厌烟味了。服务也很慢。总体感觉一般吧。,2.0,-2,-2,-2,1,-1,-2,-2,-2,-2,-2,-1,-1,1,-1,-2,0,-2,-2
12128,名气和场地都大大的hollys我居然到现在才来，其实刚开业的时候很想去凑热闹的，无耐太远太不方便，后来又听说喝的东西很糟，更没兴趣了，周末到环岛路骑车，来得太早了，怕晒，就顺便逛进来歇歇脚！\\n号称全球最大咖啡馆，装修很上档啊，怪不得游客和文青都爱来，大吊顶，大书柜，大海景，挺有腔调，一楼的后院与环岛路的木栈道相连，嫌室内闷的话可以来吹吹海风！一共有两层，三楼是个室外的用餐区，不过没开放！\\n店里除了咖啡，调制饮料外，也有甜点，意面，牛排，不过从来没听人夸过，所以只点了巴黎水，小伙伴点了玫瑰汽泡水，他说不好喝，我倒觉得还行！\\n点单后工作人员会给一个定位牌，入座后记得把定位牌插到桌上的卡槽，服务员便可定位送餐了！\\n对游客来说，倒是一个很好的休息场所！,4.0,-2,-2,-2,-2,-2,-2,-2,-2,-2,-2,1,-2,1,-2,-2,0,-2,-2
1423,一直没有写点评，因为这家店第一次去时感觉一般般呢，虽然人很多，所以已经不太想再去了，没想到朋友拉着说要去仓新，好吧好吧，陪朋友再去捧个场，点评定了位，结果在阁楼上信号不好，4G不通，最后点评送的券也没用上，小遗憾.\\n不过这次吃下来，又觉得很不错了，不知道是不是第一次去时量上错了还是他们确实增加了量，总之三个人狂点一气，买单300多，好满的一盆串啊，再加兔丁，老妈蹄花，血，脑花，凉粉，及乱七八糟一堆，吃撑吃撑，好吃好吃，酸梅汤，豆奶也很好喝，中午吃的，结果晚饭就免了免了，哈哈，灵,4.0,-2,-2,-2,-2,-2,-2,-2,0,-2,-2,-2,-2,-2,-2,1,1,-2,-2
19270,就在投涝河那边，很好找，就是以前的胖子鱼头、感觉这家店很正，牛肉都很新鲜，各个不同的部位都有表明让你选择，而且很神奇都只有几十秒就可以吃，肉质鲜嫩，很好吃，感觉清汤锅底很干净，和以前吃的火锅没得比，这家赞的、唯一可惜牛肉丸煮的太久了给忘了，拿出来吃的时候已经很硬很老了，没有吃出应有的口感、牛肚耶只需几十秒味道好棒很有嚼劲，配菜方面豆腐皮好好吃，推荐噢，这家火锅吃过身上没有气味真的是棒棒的，其他火锅店吃完出来都有一股味道不知道大家有木有同感，总之感觉这店不错值得一去，人均消费蛮高的了毕竟是牛肉，大概一百多一个人，不过还是真心推荐给大家,5.0,-2,-2,1,-2,-2,-2,-2,-1,-2,-2,-2,-2,-2,1,-2,0,-2,1
28862,每样菜都很精致，特别是奶黄流沙包，我一开始以为就是普通流沙包，但是第一口咬下去，蛋黄的香气跟奶香融合在一起，就像小时候在茶楼吃的流沙包。可惜现在没多少人愿意做这种既麻烦，利润又少的点心~~\\n        三文鱼撻也很出彩，裡面有蛋黃醬的原因，一點也不膩哦~三文魚的分量剛剛好~吃起來慢慢的幸福呀~~\\n        至於蝦餃呢，感覺很少茶樓能做不好，除非是粗製濫造的小茶樓\\n          環境還是像普遍茶樓，吵吵鬧鬧的，可是茶樓本應該就是一家人聚在一起，開開心心聊聊天嗎？預定方面基本上.9點前預定，去到就不用等咯,4.0,-2,-2,-2,-2,-2,-2,-2,-2,-2,-2,0,1,-2,-2,0,1,1,-2
22504,悦方IDmall在合肥滨湖区紫庐路口公交车站旁，是一家大型综合性生活广场，这家老芗汇火锅店就在五楼，步行电梯旁。\\n店面外观看起来不小，装修的也很精致，门口设了一个迎宾台，旁边还有店铺优惠活动的宣传广告牌。进门是大厅，桌椅以卡座形式摆放，方便散客使用，再向内是自助调料区和餐具存放区，自助调料品种不是太多，但是质量挺好的，适合正宗火锅使用，尤其是花生碎，真香。\\n接下来，就是老芗汇火锅特色经营，与众不同的地方，店铺专门开辟了两间房间，一间是专门售卖熟食点心，面积较小，所售的奶皇包供不应求。另一间面积很大，所有菜品全部用盘子装好，用保鲜膜封好放在冷柜保鲜，上面名码标价，顾客自己看上哪个菜品，就自己拿着放在购物篮内，比看菜谱点菜直观，方便顾客选用。这些食材选好后需直接付款，整个火锅店就像个自助超市，让人感到新鲜，同时也保证了食材的卫生。\\n服务员着装统一，服务态度好，效率高。火锅口味好，店铺推荐的虾饺不好吃，毛肚处理的也不好。推荐猪脑，牛丸，鸭肠，虾滑，培根等，味道都不错。\\n总体来说，店铺整体不错，价格适中，就餐愉快。店铺还细心的在自助调料区放置薄荷糖，可缓解餐后的辣感，赞。,4.0,1,1,-2,-2,1,-2,-2,0,-2,-2,1,-2,1,-2,-2,0,1,1
3186,中午和同学一起出去玩，两个人都要吃庐州太太，物美价廉，是个好选择，我第一个到，就等了一个台就到我们了，可惜那两个同学上班所以在路上。三个人点了六个菜，都是同学喜欢吃的，可是服务员说了一句我很晕的话，你确定是三个人吃的吗？这一条鱼就够两个人吃了。我谢谢他的提醒，没关系，吃不完打包。点了三味鱼，铁板土豆，什锦菜，牛排，烧烤脆骨，还有我爱吃的茶树菇。对了，还有妹妹爱吃的干粉蒸肉。菜太丰富了，吃的我好撑啊。什锦菜真不错，酸酸甜甜，里面有虾皮，火腿肠，粉丝，黄瓜，很好吃。土豆同学最爱，也很快见底，就是那条鱼太大，吃到最后还是剩下一点的。因为辣味放错了，他们喜欢吃麻辣的，点菜点了剁椒的了，其他基本光盘。没有浪费哦(⊙o⊙)哦。就是一点不好，大厅人太多，有点吵，去他都很好。,5.0,-2,-2,-2,1,0,-2,-2,1,1,-2,-2,-1,-2,-2,-2,1,1,-2
11623,吃了很久的辣婆婆大中秋的真心让人失望，金源店现在管理比以前差多了，收盘子的大爷帮忙上米饭，他知道碗烫也不说一声，直接把托盘举到我们面前让我们自己拿下来，这就算了，一转脸看见这个大爷在收盘子的车边上又抠鼻孔，又抠耳朵眼，还外加吐痰，真是恶心至极呀，这也算了，只能说现在辣婆婆的整体素质下降了，可是，吃着吃着，我就看见清炒豌豆尖这道菜里有个很长的黄绿色的东西，一开始以为是什么菜的叶子黄了锅没刷干净就到我们的菜里了，我就夹出来放一边了，就在我要转脸跟老公说话的时候我好像看见这个东西有头有脸有爪子，我就夹到我和老公面前仔细的看了看，一看是一条大虫子，那么长的虫子要说洗菜没洗干我觉得太牵强，怀疑他们根本不择菜，直接买回来就过一下水，你们那么大的店，那么多家连锁，要不要对客人这么不负责任？这让人以后还怎么来？经理态度还很不耐烦，叫了几次才出来，大过节的真给人添堵，太缺德！！！,1.0,-2,-2,-2,-2,-1,-2,-2,-2,-2,-2,-2,-2,-2,-1,-2,-2,-2,-2
45699,早听说下一站幸福中餐厅有特别之处，今天我们中秋聚会选在了这里。中餐有两层楼，三楼是咖啡厅。二楼的环境不错，这里菜品挺丰富，我们点了一大桌有：菌汤汽锅鸡、三丁包、莴笋肉丁、锅巴肉片、蓮白炒粉丝、果木烤鸭、小黄鱼、花蟹粥、红糖饼、小炒肉、韭香藕丝、土豆烧牛肉、拌剔骨肉、青椒海鲜汇、糊辣生菜、川北凉粉、卤排骨、擂椒茄子……  太好吃了！服务员很热情，推荐的特色菜，我一一品尝的确有特色。小黄鱼每人烤了一条，外酥内嫰，沾干碟子吃很香，一般的烧烤店是比不上这个味道的。红糖饼果然有小时候红糖锅魁的难忘感觉，要趁热吃，一咬就有甜甜的红糖往外流，吃货们千万不要嘴谗急着吃，有点烫，好吃的还得省着吃。锅巴肉片端上来的造型就吸引了我们，吃起来有调味的香和着锅巴的脆，果然成了抢手的一盘。三丁包外面无论多少钱的都比不上这个味道，吃起来很香，不知道除了肉馅还有什么脆脆的，要不是菜品太多，真想多吃几个。青椒海鲜汇里面的海鲜吃起来脆脆的，是泡椒味。擂椒茄子自己擂，很入味。菌汤汽锅鸡味很鲜，里面加有松茸，有鸡的鲜味和菌的香味，不象其他餐厅加足了盐，盖过了汤的鲜美，我特地来了两碗。吃完了各种美味必不可少的是这家的粥很有特色，不得不留个空位一定要来碗粥，我们点的花蟹粥，粥熬的糯糯的，里面有一只大蟹，货真价实，鲜美！可惜肚子装不下了，不然……  吃货们一定要来尝下哦！  特别要介绍的是很有情调的咖啡厅，一进三楼真是让人眼前一亮！市中区居然有情调这么好的咖啡厅一定不能错过，无论大厅还是单间都很有格调。咖啡、奶茶、各色茶饮。还有间是专门品茶的，有打麻将的朋友也可以来这里切磋。,4.0,-2,-2,-2,-2,-2,-2,-2,-2,1,-2,1,1,-2,-2,-2,1,-2,-2
44580,在大众点评网团购了19.9元的套餐去的，感觉是我至今比较失望的一次团购。标价19.9元日本芝士蛋糕味道一般般，胡萝卜汁非常难喝，可能本来是这个味道，但是我们不习惯所以浪费了。又买了22元一杯的哈密瓜汁，本来期待值好高的，因为我们本来就很喜欢吃哈密瓜，但是吸一口后，就也还是浪费了，因为味道跟生的南瓜一样。朋友也喝了一口，也是同样的感觉，说可能是他们没有把哈密瓜的子清理干净，然后一起打成汁了，于是又浪费了一杯22块钱哈密瓜汁！,3.0,-2,-2,-2,-2,-2,-2,-2,0,-2,-1,-2,-2,-2,-2,-2,-1,-2,-2
16387,地方找了一会儿，餐厅环境不错，去的比较晚，人不是太多，上菜速度快，川菜量挺多的，菜点多了，其实两人一百块够吃了，我点了七八个菜，最后吃不完，打包回来，菜品不错，味道也还可以，就是依我的口味相对来说还是辣了些，上菜速度有点慢，不过菜的口味不错，慢工出细活吧。服务员态度都很好，有事一叫就会过来帮你解决。豆腐很好吃，就是有点咸。孜然牛肉也很好吃就是口味有点重，不过很下饭。虾球很好吃，就是数量有点少。扬州炒饭很软，很好吃，就是吃不下了，最后只好打包，下次有机会再去。,4.0,-2,-2,-2,-2,1,-2,0,0,-2,-2,1,1,1,1,0,1,-2,-2
607,pelicana韩国炸鸡店，其实我一直对这些炸的东西不怎么感冒；但是女朋友比较喜欢，就陪过来尝尝；个人感觉还行吧！女朋友超级喜欢，一个人吃得津津有味。\\n     饮料：忘记叫什么神马名字了，味道挺好喝的，喝完一罐还打包了一罐回去。\\n     原味炸鸡翅：这个比较干身的做，吃起来比较香脆；火候掌握得适当，保持了肉汁在里面封锁着。\\n       甜味炸鸡翅：女朋友比较喜欢这个口味，甜中带酸，好像那个韩式烤排骨的味道；我就不太喜欢，吃多两囗就觉得有点腻。\\n     总的来说还过得去吧！,4.0,-2,-2,-2,-2,-2,-2,-2,-2,-2,-2,-2,-2,-2,-2,-2,0,-2,-2
38806,这家店附近交通便利，就位于八号线黄兴路站傍边，靠近kfc一侧。之前去过几次，感觉当中的菜经济实惠，适合家庭聚会。\\n这家的酸菜鱼不错，黑鱼肉鲜嫩，口感酸爽。蒜香骨外层焦香，带手套吃更爽快。糯米蒸排骨不行，糯米太硬，排骨味道淡。菌菇汤非常鲜，可是里面的鸡肉有点老。干锅花菜一般，其中花菜有点烂。最后是每次去都要点的沙律小牛排和玉米烙，是小盆友最爱吃的。\\n店里还有一个阿三做飞饼，逗得小盆友前仰后合的。做完小盆友又不吃，真心被他打败了。,4.0,1,-2,-2,-2,-2,-2,-2,1,1,-2,-2,-2,-2,-2,-2,0,-2,-2
6548,以前经常来这家店，位置就在阳春巷的负一楼，金池对面。以前都是坐的卡座，今天是坐的包厢，才知道一共有三层楼的，还挺大的。今天孕妈们说要搓麻将，于是就想到了这里。包厢说已经是豪包了，就是多了张自动麻将桌，包厢内空间不大，不过还好有窗户，不至于太闷。茶水自助，按铃后服务员来的挺快的，比以前在楼下人多的时候按了半天没人理的情况好多了。点了杯玉米牛奶，太甜太黏了，后来改了薏仁紫薯汁，失望，估计是用粉冲泡的，都没有冲泡完全，喝的时候还能吃到里面未完全冲泡的粉…后来想想还是点个简单的蜂蜜柠檬水吧，蜂蜜味是吃到了，可是也太甜了吧，不知道是不是糖加多了…后来干脆就不点喝的了…只能说我们都是特殊时期冷的喝不了，热的又做的不行。现在自助有团购，原价40，团购价30，还算划算。,3.0,-2,-2,-2,-2,1,-2,-2,1,0,0,-2,-2,0,-2,-2,-1,-2,-2
22658,想请外地朋友吃饭，除了上海菜四川菜广东菜还真不知道吃什么。无意中看到藏川菜，这可大大的吸引了我呀。吃西藏风味菜的地方本来就不多，更何况像这儿还有设计感装修的更是稀奇呀! 立马订了位当晚就来吃。订位时服务员还好心的问要不要先订烤羊腿，因为制作时间比较长。菜谱里真的很多少见的菜色，好多都想全部点一遍，但这次人少，还是适可而止吧。烤羊腿比想像中好入口，不干不柴，还切好上桌，沾了特制辣酱可以不配饭吃好几片。酥油饼也特别好吃，虽然没馅料，但外脆内绵还回甘，沾点菜的酱汁也是完全契合的。其他菜也都不错没有不好吃的，推荐想找特别口味又敢尝试新餐厅的朋友来试试。,5.0,-2,-2,-2,-2,1,-2,-2,-2,-2,-2,1,-2,-2,-2,-2,1,-2,1
19409,屋头有个喜欢苏杭一切视苏杭为第二故乡的妹，自然早耳闻“绿茶”大名。由于太古里店人多的天天顿顿都要排位，实在是莫的等位的心。\\n今天是绿茶万象城新店第一天开业，除水产、甜品、酒水外其余打六折。胜在离家近，下午3点半就来取号了。\\n五点二十到店一看，已经人山人海了。\\n终于进店入座，点有绿茶烤鸡肉合拼、果蔬沙拉、三样菜、椒香蛙、年糕炒牛仔骨、花生莲藕排骨汤。三样菜就焯过水的豇豆，藕，苦瓜合拌，口味太淡吃不惯。好吃的是绿茶烤鸡肉里的烤肉，我们点了两次，而且一定要趁热吃，肥而不腻，瘦肉也嫩，相比较，烤鸡肉的肉质就有点柴了。其他菜不功不过。\\n在万象城这样的环境下，菜品不错，价格适中。下次再试试其他的菜。,3.0,-2,1,-2,0,-2,-2,-2,0,-2,1,-2,-2,-2,-2,1,0,1,-2
26380,最近朋友圈里刷屏的一家餐厅，慕名而来，下午五点不到上座率已经达到90%，完全符合茶餐厅的样子，人很多，也很吵杂，不只是顾客的交流声，更大的是收拾盘子之类的声音，并不是个可以安静吃饭聊天的地方。上菜速度较慢，每道菜都有等很久，菜的口味还可以，没吃过真宗的粤菜，所以没什么比较，但和南京一般的粤菜餐厅感觉差不多。点的茶走、猪仔包，法式长面包、咖喱牛腩、云吞、猪排饭，茶走茶味很重，有点涩口，加了一包糖感觉很好喝，猪仔包甜而不腻很好吃，长面包里熏肠的味道很重，搭配起来也很不错，咖喱牛腩的咖喱味道不重，所以不太喜欢，云吞的里满满的虾仁，吃起来很爽口，猪排饭就有点失望，饭是软的软硬的硬，芝士不多，里面的配菜是胡萝卜，吃起来没有什么味道。,5.0,-2,-2,-2,-2,-2,-2,-1,-2,-2,-2,-2,-1,-2,-2,-2,0,-2,-2
23817,我觉得蟹没有洗干净，但是肉蟹煲的味道比别的味道好！看评论说年糕好吃，可是我觉得年糕已经太烂了，没有咬劲了，并不是好年糕！反倒是凤爪尽管酥烂，却也入味！\\n 餐ོ具ོ能ོ不ོ能ོ弄ོ干ོ净ོ点ོ啊ོ，像ོ是ོ被ོ用ོ了ོ八ོ百ོ年ོ了ོ，那ོ个ོ杯ོ子ོ和ོ筷ོ子ོ简ོ直ོ不ོ想ོ吐ོ槽ོ了ོ，估ོ计ོ灯ོ光ོ搞ོ成ོ这ོ样ོ除ོ了ོ是ོ一ོ种ོ风ོ格ོ以ོ外ོ也ོ是ོ为ོ了ོ模ོ糊ོ视ོ线ོ。\\n等位这件事就不说了，谁让我自己在星期五晚上去呢！,3.0,-2,-2,-2,-1,-2,-2,-2,-2,-2,-2,0,-2,-2,-1,-2,0,-2,-2
38162,这家店在北行往前走那条街上，位置按照点评地图来找还是很好找的。店铺给人感觉不是很大，但是进屋却发现并不拥挤，而且还有二楼。\\n买了一张代金券比较合适，又补了三十的现金，整顿饭下来才一百二左右，很划算的。\\n他家很多网友推荐的我都点了，比如铁板玉米粒，里面都是酸奶的味道，非常好吃！大赞！拉面炒年糕也太辣了，有点来不了。草莓那个饮料不错，但是有点小贵。炸鸡虽然要的是果酱的，但是果酱有点太少了吧，不过味道还是很不错的。\\n他家点餐完毕要先交钱后上餐，给人感觉有点要抢钱的意思，这样还是再点餐感觉很麻烦了。\\n性价比挺高的一家店，推荐哦。,5.0,-2,-2,1,-2,-2,-2,-2,0,1,1,-2,-2,1,-2,-1,1,-2,-2
19815,带着父母慕名而来，可是让我略微有点失望，客人不多但服务员态度比较冷淡，点菜时有点不耐烦。我们都点了特色菜。【松鼠桂鱼】甜中带酸价位属于贵的，而味道我也能在上海的一般饭店里吃得到，没有想象的那么赞。【得月小炒】就是只看见鸡头米和藕块，味道清淡，78元的价位并不值。【蟹粉豆腐】这个菜还比较满意，蟹粉比较多。【梅菜扣肉】肉非常嫩，入口即化，梅菜又甜又糯，这个菜可以的。【油爆虾】做的非常入味，虾也比较大。【酒酿圆子】这个最最需要吐槽，简直是个败笔，端上来是温的，汤水我没有勾芡就像清汤一样，小圆子都粘在一起沉在碗底，这个菜我都不高兴拍照了。总的来说不会再来第二次了,3.0,-2,-2,-2,-2,-1,-2,-2,-1,-2,-2,-2,-2,-2,-2,-2,0,-2,-2
11709,吃水煮鱼的话非新煮意莫属啊！由于只有两个人，想挑一条小一点的鱼，不过服务员一直推荐我们点一份的。自认为论份的和论斤称的味道不太一样，而且一份的鱼对于我们两个吃货也太少了点，还是坚持了论斤称。挑到一条两斤七两，主力就是吃鱼来的嘛，我们两个人也吃的差不多。这的水煮鱼属于只麻不辣，虽然端上来飘满了红辣椒，其实一点都不辣，但是味道很香，而且够麻，一级棒！\\n怕鱼吃多了会腻，点了一个水果大拌菜，好像是用苹果汁和雪碧调的汁，还不错。水果茶也很好喝，担担面也好吃，不过那个豆花可不好吃，太甜了……,5.0,-2,-2,-2,-2,-2,-2,-2,-2,-2,-2,-2,-2,-2,-2,-2,1,-2,-2
17030,大众点评奖抽到朱朱农家乐多人套餐免费吃，电话预约后，跟着导航仪开去，一路上风光如画。从湖滨路拐进乡路后，在老板娘的电话指点下，很快就找到了朱朱农家乐。车到那儿，眼前豁然开朗，一大片湖水，碧波荡漾，湖里养着鹅鸭，泊着供食客游玩的游船。\\n\\n朱朱农家乐临湖而建，雪白的粉墙上，大红的店名很是醒目，墙前有花架花草，喜气而时尚。院子宽敞洁净，可停好几辆汽车。院子一角停着供食客骑游的自行车。这儿有免费wifi，有男女卫生间。楼房里有大小包厢。临湖建有木顶大棚，下设餐桌餐凳。天洒小雨，前来用餐者不少，大多是上海人，不少还是回头客。\\n\\n我们当然选择在湖边大棚用餐。那儿视野开阔，空气清新，凉风阵阵，还有大群白鹅相伴，舒适写意至极。年轻清秀的老板娘接待热情周到，有宾至如归之感。上菜了，小葱跑蛋色泽金黄，葱花碧绿，香气扑鼻；盐水河虾、酱爆螺丝只只新鲜味美，原汁原味的农家味；一大盆六月黄，壳薄黄多，一嚼满嘴鲜香，超级鲜美；最为惊艳的是红烧鳊鱼，那个大呀，起码要二斤半以上，浓油赤酱，鱼肉紧致细嫩，味道不是一般的好哈！炒青菜和土鸡汤味道也很赞。菜量大，味鲜美，我们四人都吃撑了，真正是大快朵颐！\\n\\n餐后，我们没去骑游、乘游船，由老板娘指引，去采摘了葡萄。老板娘毕业于苏州的大学，怪不得品位不俗，把个农家乐搞得这样有情调。去之前绝对想不到 ，巴城竟隐藏着这么一家风光美、菜肴美、美如世外桃源的农家乐。我们人还没离开，心里就想着下次要呼朋唤友，再来朱朱农家乐了。\\n\\n,5.0,-2,-2,-2,-2,1,1,-2,-2,-2,1,1,1,1,1,1,1,1,-2
1882,上一次本来想吃，但是晚上人多而且服务感觉不好，就被气走了。这次聚餐选的这边，还是来试试吧。中午人不多，比较舒服，走菜也快。点的都是大家好评的菜，鲈鱼，蒜香骨，感觉不错，日本豆腐也还好，蛏子肥肥的也很不错，茶皇虾我觉得普通，虾子少，茶叶多一点。要的黑雕的鱼生，鱼骨做粥，但是感觉粥炖的时间太短，味道不浓，鱼生上来的时候大家都在惊呼：鱼肉在哪里？好吧，因为鱼肉实在是太薄了！148的鱼生，感觉还不够塞牙缝，下次还是吃三文鱼刺身得了！榴莲酥还不错，榴莲量多，货真价实~ 总体还是满意的，不过鱼生觉得有点贵了！,5.0,-2,-2,-2,-2,-2,-2,1,0,1,-2,-2,-2,-2,-2,0,0,1,-2
38150,这家店在云岗开了很多很多年，最开始的时候很火爆，量足价格也实惠，基本每周都去个一两次。后来分店也开的多了，菜价也上去了，但是菜品质量下降严重。人气没有以前旺了，但饭点也还有上座率，一层南侧有一个个小隔断的包间，比较私密，可以坐4人，就是推拉门设计的好，这边人进去，那边人就肯定出不来，服务员上菜的时候也费劲。#宫保鸡丁#这菜实在是“赞”，几十元买一盘宫保大葱和不脆的花生米。#扇贝#扇贝应该是不完整的吧，因为扇贝的壳够大，但是里面那块味如嚼蜡的死肉挺小，值得肯定的是扇贝上面的蒜蓉粉丝味道不错。#铁板茄子#大概是这个名字，原来是必点，长条茄子里面有肉馅，放在铁板上端上来甜甜的很好吃，但是这次的我翻来翻去找肉馅，几乎没有！#米粉肉#巨肥，直接浪费了，实在没法入口。#咸蛋黄南瓜#还是可以的，水准没有降低，趁热吃不错。#豆腐#大概就是豆腐里面夹着肉馅，还行。点评服务，我们3个人，点了六七个菜，其中2个有小份，我特别重复要小份，上来的全部是大份，先不说钱的问题，吃不了就都浪费了！希望贵店加强培训，不建议顾客要小份就算了，在顾客强调要小份的时候还直接点了大份，你们差那几十块钱吗？直接给你们当小费都行，能不浪费食物吗？！本次翠满楼之行着实失望，肯定不会再去了。,1.0,-2,-2,-2,-2,-1,-2,-1,0,-2,-2,-2,-2,-2,-2,-1,0,-2,-2
23068,感谢点评的代金卷，店很好找，离地铁很近，交通方便。店面虽然不大楼上楼下两层，但是装修很别致，餐位错落有致，很有感觉。周末去的，人略多，需要等一会。重庆老灶火锅最著名的当然是九宫格， 但是最近不能吃辣就要了清汤锅，一大锅上来，胃口立马被吊了起来。首先清汤锅底非常便宜，30左右但是里面的料可是给的十足，真心超值值，各种菇类，平菇，香菇，金针菇等，都差不多有个拼盘的量了，汤也很鲜美，下肉之前喝上一点感觉很不错。点的鲜羊肉和嫩牛肉，分量十足，肉很新鲜，切的也很均匀，涮着口感很好。青菜绿油油的看着就很有食欲。素材拼盘很超值，量足，如果两三个人吃，就不用再点其他蔬菜了。毛肚也很不错，应该是这里的特色菜，处理的干净，涮起来吃着脆脆的，嫩嫩的，一定要点。火锅小料是自助式的，6元，品类很齐全，最爱麻酱，当然还有一些xo酱和沙茶酱之类的。\\n主食推荐烧饼，芝麻的，脆脆的，略微有点油，但是很香。\\n店里的服务也不错，点菜积极，上菜速度快，加汤撤盘都很及时，进门的时候也有热情的招呼和引位。\\n总之是一次非常好的体验，下次有机会还会去。,5.0,1,-2,1,0,1,-2,-2,-2,1,1,1,1,0,1,1,1,1,1
3952,之前和小伙伴在南门的店吃过一次，那次等了快两个小时结果被人插队，不过老板娘很好，安排我们去了包厢，后来吃的还是挺愉快的。\\n所以，这次刚刚开学我就请几个小伙伴去新开的封门点吃酸菜鱼了。\\n之前看了下评价，说人很多，所以今天特地早点出发，十点四十的时候就到店里了。但是我们四个人站在楼下，叫了半天，两个服务员都没有理我们，然后我脾气就上来了，大声说排位，说了几次才理我们的。然后那个给我们抓鱼的男服务员态度特别差，一开始拿了条3.7斤的鱼，我说太大了换条小的，因为都是女孩子，胃口不大，吃不完，还要吃别的菜和涮菜。结果那个男服务员不愿意，后来后面来的人说他们可以就给他们了，我觉得被变相插队了。后来拿了条2.3斤的鱼，我觉得有点小，说给换一条稍微大点的，结果男服务员直接就帮我们纪录了，送去煮了。我觉得好奇怪，还不让换鱼的，说话也不理，态度太差了！\\n上去以后点了两个菜，干锅包菜和椒盐排条。干锅包菜甜甜的，味道还可以，就是太油了，吃了一半以后包菜都在油里面，就没吃了。椒盐排条很好吃，面粉也不多。本来以为这两个菜会先上的，结果等到鱼吃的差不多了才上。\\n涮菜点了八个。白菜，土豆，冻豆腐，香菇，年糕，肥牛，牛百叶，金针菇。牛百叶很好吃，白菜的量很足，年糕是长的不是一片片的，很喜欢。但是肥牛不好吃，觉得味道怪怪的。其他的菜就很常规了。\\n楼上的服务员态度很好，比楼下的好多了，很积极的问我们要不要开火，要不要加汤。还告诉我们晒微信能在团购的基础上再打97折。\\n以前南门的鱼只有酸汤的，站在这里啊新店多了辣的。不过我还是点的酸汤的。酸菜鱼的鱼片很嫩，而且没有刺，很好吃，里面的酸萝卜感觉没有南门的好吃，宽粉还是一如既往的很好吃。\\n新店的环境很好，古色古香的，就是我们去的时候旁边一桌阿姨们特别吵。。。\\n点了222的东西，最后付了差不多150，四个人还是很合算的，菜点多了，涮菜吃了一半不到。,4.0,-2,-2,-2,-2,0,-2,-1,0,1,0,1,-1,1,1,1,1,1,-2
17600,头回去，不清楚状况，11点半到只有一个地方还空着，被吧台小哥拦下说没地方，想着是等他给个号，结果人家忙着对个服务员狂骂，好几桌人都在看，素质好差…最后我说那里有个空位，小哥很不爽的让我去问临桌…只想说海鲜年糕火锅很差，我们都没选择团购，店里说这款特价78，比团购多一点料，除了海虹和花蛤，基本就是在捞年糕和白菜…图册里的芝士只是图册。还不如火炉火。服务员很差，问几个问题都不知道，来回来去的等他去问，点了活章鱼和面包蟹，都快吃完了一问居然没下过单…如果喜欢吃海鲜，这里相对便宜，但千万别点年糕锅。,1.0,-2,-2,-2,-2,-1,-2,-2,0,-2,-2,-2,-2,-2,-2,-2,-1,-2,-2
7199,位置：在号称铁西区最高端大气的综合体万象汇的五楼，交通方便。   环境：是现在最流行的loft加绿植的风格，还有很多油画和摄影作品，确实是很文艺范很清新的环境。  菜品：第一发：招牌碳烤牛排，应该是没有腌制过的牛肉，比较有嚼劲，汁水很足，不过喜欢滑嫩口感的人可能会失望。第二发：鲜虾茄汁意面和黑胡椒牛肉意面，意面有弹性，比较地道，不像一些中式西餐厅的那种软塌塌的，食材新鲜。第三发：墨西哥牛肉奶酪饼，这道菜值得强力推荐，奶酪和牛肉，配上墨西哥口味的面饼，口感微辣，十分好吃！！ 价格：用了大众点评的满百减十二，最后消费232元，两个人吃的很饱。 服务：不得不说服务实在是太好了，典型的南方式的细致和周到。  总体来说是一家比较正宗的西餐厅，很值得再去。,5.0,1,-2,-2,-2,1,-2,-2,0,-2,0,1,1,1,1,-2,1,-2,1
29968,点的是400的自助。所以有小青龙，这个是确实好吃。但是限量每人半分。点了很多菜图片没有一一上传。总体来说每个菜都很新鲜，海胆不限量，很好吃，吃了很多！除了刺身以外铁板烧味道也不错。羊排有点老，羊肉串说没有了，生蚝也说没了。服务态度一般般，本来说光盘有优惠最后结账走找了个理由说不能给优惠了，我们据理力争后又给我们优惠了，非常搞。除了这一点，试一次很开心的用餐。说实话还能吃，但是11点吃到1点多的时候就停止下单了。我还想吃几个提拉米苏,5.0,-2,-2,-2,-2,0,-2,-2,0,-2,-1,-2,-2,-2,-2,0,0,1,-2
29103,毛家时尚餐厅位于十里大楼庐山区人民医院旁边，正对面就是九江银行，交通很便利，坐公交101.105路到庐山区人民医院下车，如果开车前往的话可以把车停在十里华府小区内，一个半小时之内是免费的，需要到毛家时尚餐厅前台领停车券。\\n\\n今天是和朋友一起过来聚餐的，六个大人三个小孩，团购了一个四到六人套餐，价格只要113元，而且菜品非常的多，有香辣片片鱼，海皇干捞粉丝煲，韭香鸡蛋锅，井冈山烟笋，香辣串串兔，油淋时蔬，银鱼紫菜肉丸汤，玉米粗粮汁，果盘，泡萝卜，香菜花生米。真的非常划算，大家吃得非常饱。现在在外面六个大人加三个小随便便吃个饭估计都要两三百吧，他这里团购只要一百多，真心的不错。总得来说感觉猜的口味还可以，就是鱼烧的不是很入味，井冈山烟笋还是挺好吃的，笋子非常的嫩。韭香鸡蛋锅这道菜适合小朋友吃，不辣，吃起来非常的香。,4.0,1,1,-2,-2,-2,1,-2,1,1,1,-2,-2,-2,-2,-2,1,-2,-2
34130,经历了门店合同到期，选址，装潢等一系列的折腾，LISA的店终于在离我家距离比较近的地方重新开张了，新店的环境明显比老店更好，无论是采光还是地理位置，都更易于描述，虽然不再是沙发座，简洁的布置，简单的座椅，还可以拼桌在店内过生日，更可以自由发挥在蛋糕上写上祝福的话语。最近店内活动的蛋糕更是好吃的不要不要的，芒果蛋糕不是普通的芒果颗粒的蛋糕，更是融合了提拉米苏的口感，还有榴莲的夹层，一口下去多种的回味，过生日的时候订个蛋糕来这里吧，还可以来找美女老板娘聊天哦。,5.0,-2,-2,-2,-2,-2,-2,-2,-2,-2,-2,1,1,1,1,-2,1,-2,-2
43122,不得不给五星！五十团了一百代金券，半价真是太划算了。特别推荐烤羊排，真是美味啊，分量很足，手拿一根根羊排大口大口吃肉的感觉真好，羊排肥瘦相宜，闻起来香喷喷，吃起来很香甜，有点肥肉的最好吃，肥而不腻，也很入味，如果烤久一点，里面的肉没那么硬就完美了。推荐点羊排、羊排串、羊肉串，肥牛感觉味道比预期差一点，至于鸡翅等其它肉类分量有点少，烤蔬菜类则调料太多味太浓。这里吃烧烤有个好处是没有油烟，厨房烤好送来，而且是煤气烤的不像木炭会上火。给店家提个建议，烤鱼鱿鱼不能用代金券没必要，这些不是什么海鲜。,5.0,-2,-2,-2,-2,-2,-2,-2,-2,1,1,-2,-2,-2,-2,0,0,-2,-2
35472,菜品还可以吧，不难吃。但是服务员的态度让我好惊呆！我们十月二号去的，不知道是假期店长放假吧，服务员相当散漫的到处溜达着，让我们有老人不能喝甜的只能喝水，我要了杯水，滚烫的水拿了个有把手的饮料杯，我觉得挺好，结果过了一会来另外一个服务员说有把手的杯子只能盛饮料，然后给了一个没有把手的玻璃杯，我说这个没有把手这么烫的水怎么拿呀。服务员啥都没解释直接拿走我手里的水倒进了玻璃杯放桌子上就走了！过了一会点的豆花上来了，一桶豆花配的酱料很少一碟，我们问能不能加酱料，一个男服务员想都没想的来了一句不能，甩头就走了。。要是忙敷衍一下也就算了，客人还没有服务员多呢！结账的时候点评买单，我们找到一个叫九宫格的火锅店，问是不是他家，因为他家也有九宫格火锅，服务员说是后我们就买单了。结果不是他家是同一栋楼的另外一家店，自己家店都不认识啊！害得我们去找那家店去退钱麻烦死了。总之以后不会来了，这种店再好吃也不来何况没好吃到哪里去啊！怪不得味道一般的海底捞生意好呢！,2.0,-2,-2,-2,-2,-1,-2,-2,-2,-2,-2,-2,-2,-2,-2,-1,0,-2,-2
31051,甜品店位于外贸路中段的山西老面王对面，招牌不大，关键有树给遮挡住了，不注意真不好找呢，店内空间不大，外面没有停车位，但可以停小电驴。。环境上比较干净，今天赶上闪惠满减25的优惠活动，划算到不要不要的。首先说说我点的几样。。因为看见有榴莲炒冰马上就决定来着试试的！第一感觉吧，价格上25一份榴莲炒冰如果不是活动价格买的，真的太贵了，其次味道上真的不是很浓郁，比较淡，说真的，即便活动价格还是觉得很不值。要了火龙果汁8元，加了水跟糖，比较清甜。椰奶清补凉8元，配料倒是很多，但味道感觉比较一般，还是一馨甜品家比较合我口味。最后要了加牛奶的火龙果+芒果超炒冰12元，味道搭配很惊艳！这个推荐大家尝试。。。炒冰的话总体售价我觉得不活动还是偏小贵的。。。,4.0,-2,-2,-1,-2,-2,0,-2,-1,-2,-2,-2,-2,-2,1,-2,0,-2,1
34218,经常来楚太子这家在鲁磨路的店，店面够大，店里面还算宽敞，上菜速度也很快，团购券可以点菜也可以点烧烤，用着也很方便。烧烤最近稍微涨了点价，肉串算是同等价位里面比较大的，烤得也比较嫩，就是吃起来稍微感觉有点油，可能腌肉的时候加了油拌过了吧。烤土豆片和烤鸡爪都蛮好吃的，鸡爪卤过的，比较软烂入味，稍微烤下之后带点烧烤的味道很不错。买券的时候有大牌立减的活动叠加很划算。屯了几张慢慢吃～！服务稍微差点，晚上9点以后去基本一楼就一到两个服务员点单，经常叫叫了半天她才来。,4.0,1,-2,-2,-2,0,-2,1,0,1,0,-2,-2,1,-2,1,1,-2,-2
16659,地理位置：珠江新城高德置地冬广场，其实大体还是很好找的，交通也很便利，就是有点绕不熟悉的朋友可能会走错路。我就是一个，哈哈。\\n环境：店面不大，但是装修得还算别致，嫣然一种高级西餐厅的感觉，但是又不会让人觉得庄重，反而有点浪漫中的小温馨，这种气氛我还是挺喜欢的。\\n出品：用心的选料和精致的出品让我爱上了它，Mr.鱼的用心还是可以感受得到的。\\n店内放题30多种海鲜刺身、铁板烧以及其他料理不限量供应，食材足够新鲜，制作摆盘精致，口味特别棒！\\n首推鹅肝和鳌虾，非常美味。\\n❁板烧鹅肝虽然卖相比较一般，但是鹅肝的香味真的是无法阻挡，差点把舌头都吞掉了，配上一口红酒真的是一种美味的享受，个人钟爱。\\n❁鳌虾虽然个头不大，但是口感很爽口，味道出奇甜美。大爱！\\n❁红酒冻鹅肝，非常特别，用红酒浸泡过后而制成的，口感特别，吃起来很像巧克力，味道也很独特新奇，值得尝试一番。\\n❁和牛刺身和小青龙龙虾刺身味道也很棒，但是生蚝虽然肥美，但是真的特别地腥，小伙伴们都无法接受。慎点。\\n❁海胆刺身虽然个头小但是很香甜，三文鱼刺身、螺肉、北极贝等普通的刺身都是很新鲜的。\\n❁牛舌、牛扒选料和手艺都很棒！可以试试看喔。\\n❁浓郁日本梅子酒是我的最爱，配上海鲜刚刚好。红酒也是很不错的，入口醇香，与海鲜熟食配搭也是在合适不过了！希望下次可以有机会尝试其他酒款。\\n❁甜品略少，希望可以多增加多一些蛋糕甜品就perfect了。不过焦糖炖蛋真的做得很好吃，焦糖香而不焦，甜而不腻，值得一试。燕窝雪糕同样不要错过，哈根达斯的雪糕底再加上燕窝，特别的搭配，个人觉得草莓或香草味的该会更好，巧克力味的味道太浓会掩盖燕窝的口感和味道。杨枝甘露没试到，太饱了，希望下次有机会试试。\\n说实话价格尤贵，但是性价比还可以，因为食材新鲜，还是能吃回这个价的。不考虑价格预算的话，确实是很值得推荐的。如果有其他更丰富的出品的话相信会更加地出色的。\\n希望新的一年Mr.鱼更多更好的出品，值得期待。[爱心]✧*｡٩(ˊᗜˋ*)و✧*｡,5.0,1,1,0,-2,-2,-2,-2,-1,1,-2,1,-2,0,-2,-2,0,0,0
47080,这个地段真的是绝了，排队要好久啊，性价比很高，以前不知道有这样一个店，是一次到杭州玩的时候出租车师傅推荐了西湖边银泰城的新白鹿，说这里的菜不错，口味正宗，当时就去了，两个人次了160不到吧，点多了，没吃完，不得不说性价比相当高，回上海后就搜了一下，居然上海也有，就去次了，味道也都差不多，主要是老婆喜欢吃，但我作为土生土长的四川汉子吃这种酸甜的东西，还真是不太喜欢。但老婆说这就是杭帮菜的正宗口味，所以在此我还是推荐给大家。,5.0,-2,1,-2,-1,-2,-2,-2,0,1,-2,-2,-2,-2,-2,-2,1,-2,-2
41137,难得这家店不排队，和老公过来解决晚饭，这家店感觉从进店开始能自助都是自助的，自己对着号牌找到位子，自己倒水。想点菜，服务员叫我们自己上微信点，好吧……可点完居然收不到验证码，看看别桌都是用纸质菜单点的，没办法只能再叫服务员，早这样还不如一开始就让我们直接点菜呢，浪费时间。\\n\\n上菜速度极其慢，下单后先上了个川北凉粉，然后就是无尽的等，差不多等了要半小时吧，其他的菜才慢慢上来。\\n\\n这里的菜口味感觉没以前好了，普遍都不辣，口水鲶鱼的鱼片很薄，没什么鲜味，牛肉豆花很淡，猪蹄都是老公吃的，不做评价，鸭血＋午餐肉的冒菜算是味道最好的一个了吧，但是量少。最后两个人吃了136块，估计价格便宜是唯一的优势了。,3.0,-2,-2,-2,-2,0,-2,-1,1,-2,-2,-2,-2,-2,-2,-1,0,-1,-2
37066,跟闺蜜来大卫城选来选去来到这家餐厅，感觉生意不错，饭点几乎上座率90%，为什么不是满座就是因为现在经济不景气，这家店价格比较高吧。但是整个就餐感觉不错，我还发现了我很喜欢吃的东西！\\n菜品：【墨西哥炒饭】是我的主餐，个人感觉吃前半份的时候挺好吃但是后半份的时候就感觉吃不下了，很少剩饭的我剩下了。【牛油果沙拉】闻起来好赞，吃起来也不错，就是价格挺贵的！【祖母薄饼披萨】我的大爱啊！太好吃了有木有！狂甩必胜客N条街啊有木有！【烤土豆皮】这是看了点评推荐点的，真心不好吃！腻死了！竟然裹面多油腻啊……受不了！所以说口味这东西真是看个人了！\\n环境：哇～真不错！喜欢的感觉！很舒服有格调但是不至于感觉厚重沉闷。\\n服务：挺好的，安安静静，有需要召唤来比较快速响应就行。\\n推荐菜：祖母薄饼披萨\\n人均：100\\n个人感觉吃多了中餐偶尔换换口味感觉还是挺好的钱！,4.0,-2,1,-2,-2,1,-2,-2,-1,1,-2,0,1,0,0,-2,0,-2,1
7935,作为日料是绝对不合格！第一，服务差！卫生间单间里没有纸巾，把纸巾隔到外头，这是任何一间日料都不会做的事情。其次，上桌后没有提供毛巾，五个人只提供一份两块南瓜的前菜！五个人够吃吗？再次，缺日本酒。连天妇罗都没有。叫了一份春花鱼，煎出来的，非常腥，吃了一口后根本下不了筷子！后投诉，送了一碟小菜。鱼生之类的比起别家也好不到哪里去，而且价钱尤其贵。吃饭的时候二楼一群服务员在包厢外手机。无论哪一点都称不上日料。,1.0,-2,-2,-2,-2,-1,-2,-2,-1,-2,-2,-1,-2,-2,-2,-2,-1,-2,-2
4258,之前看到微信推广过，心心念念图个新鲜，一直想拔草的，一直忘记，终于成行了。和朋友们约新世界看电影，这家在雅居乐的一楼，，正好过来体验一下。一进门就看到一排机器，没想到现在吃个汉堡都能那么高端。地方其实是有点小的，装修和其他麦当劳还是有点区别的，有一张桌子竟然还是自己可以发亮的，而且手触它会变颜色，正好两个人可以下五子棋。开始自助点餐，面包有三种，有圆的，甜的，直接包生菜吃起来应该不方便，于是选了经典欧式面包，肉饼只有牛肉的，这个不大好，选择太少了，我一开始还不相信只有一种选择，还找了半天看有没有其他选择。蔬菜要了番茄，生菜，芝士选了保守的平时最常见的黄切达，觉得黄色更配牛肉。酱料选了加钱的牛油果酱，很不错，还有免费的蛋黄酱和番茄酱。最后加了个煎鸡蛋，4块钱，就是猪柳蛋堡里那种，完成！总共63块！！贵啊！点完拿着“小飞碟”去坐着了，过了好一会儿店员就拿过来了。。。所以震动盘提示有点鸡肋，店员直接送餐，都无需自取。薯条换了个小钢丝容器凹造型，是细的那种，一套吃完，竟然撑到了，薯条最后都没吃完。自己DIY的感觉还是比量产的套餐要好吃。不过朋友点的其他两个汉堡，一个少放了生番茄，一个少了一个肉饼和培根，交涉了两次终于重新做了一个给我朋友。所以如果点DIY的汉堡，汉堡端上来之后最好自己先看一下，核对一下是否东西齐全,3.0,-2,-2,-2,-2,0,-2,-2,-1,-2,-2,1,-2,-1,-2,1,1,-2,-2
15029,在北苑路北地铁站旁边的卜蜂莲花超市的底店，位置还是比较好找的，店分上下两层，空间很大，座位数目也不少，只是一楼的冷气坏掉了，这么大热天儿的环境的确很难熬。\\n产品的种类不算多，几种肉夹馍豆花酸辣粉儿，我们去的时候凉皮经卖完了，有些遗憾。肉夹馍的饼皮很薄，但很酥脆，的肉量也不小肉的香味也很浓郁，夹牛肉的肉夹馍里面肉质也很好，可以看出是非常好的瘦肉不会有其他皮筋等不好的部位。\\n豆花的味道也不错，酸爽的浇卤里面还有黄豆粒和榨菜末丰富口感，夏天喝很开胃。\\n甑糕是新鲜出炉的，里面枣和豆子配料很丰富，也不会太甜腻，不错。\\n整体价格偏贵，但味道还是不错的。,4.0,1,-2,1,-2,-2,-2,-2,-1,-2,-2,0,-2,1,-2,1,1,-2,-2
1348,一直想吃日料，可惜就是太贵了，之前朋友吃过水林间，说还不错，但是吃的是虹悦城那边的，没有日料，但是其他肉很不错，于是妥妥的选了紫峰这家，虽然贵了一点可是有刺身啊，看到大众点评上有减30的活动，更是心动，可是买的时候才发现得是最新版才能，等我升级完，居然已经卖完了，太火爆了，没办法想吃啊，还是原价买了！提前预约的位置，5点去得，已经有的人在外面排队了。很快我们进去后，服务员就开始给我们介绍，全程是蹲着的，服务态度也太好了。吃的寿喜锅和味增的鸳鸯。寿喜锅沾鸡蛋液很赞。只可惜吃太多了会腻。后面吃另一个锅多，肉肉先上了六盘…印象中黑色盘子的是雪花牛，白色是低脂牛，蓝色是羔羊肉还有红色盘子好像是猪里脊。最好吃的感觉死雪花和猪肉。刺身也不错！饮料我们主要喝的可尔必思，喜欢那种乳酸菌饮料的味道。还有些凉菜感觉一般般。冰淇淋吃的奶油樱花的很赞。虽然 菜品不多，但都很实在，吃的真的太撑了。很满意,5.0,-2,-2,-2,1,1,-2,-2,-1,-2,0,-2,-2,-2,-2,1,1,-2,-2
40804,长草挺久的一家店了，终于在上周六和小伙伴一起拔草。一进门就有一只虎皮喵扑到眼前来，哈哈哈，萌，我是一个猫狗双担的人，有猫有狗都喜欢。环境真心不错，比一般日料店感觉要宽敞，有点咖啡馆的意思，桌上有台灯，沙发挺舒服，手边就有电源插座，wifi密码也是萌得不要不要的（大家自己去看就知道）。出门时还发现某处贴着条座右铭：并肩而立才是真爱。（大意）——这句我喜欢。\\n招牌的芝士海鲜焗饭当然是要来一份的，谈不上惊艳，但确实值得一吃，拉丝不错饭入味，海鲜料不是太足，但都切得细碎易吃；金枪鱼沙拉量很足，点赞，味道新鲜爽口；蒲烧鳗鱼比起那种资深日料店还是略有差距，不是很肥美，不过一般吃吃还可以，也算鲜甜；肥牛的具体菜名有点忘了，肥牛里面还卷了点什么，反正口味挺有层次感的，推荐；咖喱龙虾寿司，不知道是不是因为冻得太冰，龙虾的Q弹质感和鲜甜度没充分展示出来，还不如出云寿司那种专做外送的；冻柠茶意外地不错。\\n总之菜品上仍有进步空间，不过整个店给人感觉很舒服又有各种萌点，会再光顾哒~,4.0,-2,-2,-2,0,-2,-2,-2,-2,-2,-2,1,1,1,1,1,0,-2,1
37185,过去吃也是因为朋友介绍，那去的人大部分都是朋友+朋友介绍，在三楼很不显眼的地方，所以必须做口碑的。走进去一点不想麻辣烫哦，老板特别强调小清新，新鲜食材。我特别推荐里面的肥牛8元一份，真真实实的牛肉啊，外面肯定是吃不到的很大一份，特别新鲜！然后那个宽粉太好吃了，我总共点了30元就撑死了，边上的女孩子都说吃不下了，但是最后都是吃个底朝天，里面那个微辣真的上面好多辣椒以为很辣的，其实还不错，那个花生有点干锅调料的感觉，想想外面干锅底料一份也得8-10元。。再说一下那个蔬菜，蔬菜都是当天蔬菜特别新鲜，每一份都是独立包装的，特别用心，包起来很累的人工肯定很厉害，哈哈 建议就是玩乐东西太单调了，感觉墙面可以刷一些可爱的图案，可以让女孩子拍照啊，然后是下午5点才营业，中间时间可以提供下午茶呀，哈哈，反正感觉跟去咖啡吧差不多，可以跟朋友聚会吃点甜品，只有麻辣烫太浪费喽,5.0,-2,-2,-1,-2,-2,-2,-2,0,-2,-2,-2,-2,-2,-2,1,0,0,0
23735,我直到去了这家总店才知道我家附近的那个金太阳是分店，不过分店为什么要叫旗舰店呢，让人费解啊。言归正传，又是一个加完班的夜晚，两个人实在是饿的不行不行了，想着就近吃一口然后唠唠工作上的事。\\n\\n位置，太原街夜市，都是烧烤店那里，把头。\\n\\n环境，这家店一看就是有年头了，一般般。\\n\\n服务，碰到了在家附近那个店的服务员，很亲切。\\n\\n小串啊，牛肉串啊，茄子啊一系列食物的味道都是很好的，估计配方是一样的，不过为什么我吃完之后拉肚子了呢？是不是个别厨师不卫生啊？,3.0,-2,-2,-2,-2,1,-2,-2,-2,-2,-2,0,0,0,-1,-2,1,-2,-2
30188,爱琴海开业100送100去的！活动超级合适就是人太多了！还好等位过号不用重新排顺延3桌去安排！比较合理！在恒隆吃过的！感觉这里品质一如既往的好！招牌菜熏排骨和大拉皮是必点啊！美味极了！海鲜粉丝煲也不错的！里面有4只虾仁全都去了虾线而且很弹牙，鱿鱼我感觉给的也不少！！印象深刻的是辣炒小章鱼！颜色漂亮味道又好！一直觉得北李妈妈菜算是菜品很全的一家了！因为菜单每次都要翻好久去纠结到底该点哪些！下次花券时要点完全不同的菜品来试试,4.0,-2,-2,-2,0,-2,-2,-2,-2,-2,1,-2,-2,-2,-2,-2,1,1,-2
26151,最初听说Wagas旗下新开的烘培糕点来到了成都，还一直不相信，后来有一次去太古里玩，才发现竟然真的在成都开业了！他的地理位置就在太古里翠园和zara的旁边X实在找不到可以问问向导啦。环境挺好，非常的幽静，很有一种静静的吃西餐和高点的感觉。服务员一般，想喝茶水都是自助服务的，而且服务员也不是特别的热情，都是自己看菜单，没有怎么过来介绍和推荐。不过这家店在全国一直走的是比较高端的路线，一般人均都需要接近100元，特别是店里面几个特别推举的细面配三文鱼就要58一份，绿鸡肉咖喱鸡要58一份，火腿三明治50元，这个真不知道为什么感觉很普通但三明治这么贵！其他的都很不错啦，味道一直是有保证的，糕点特别是牛角包味道最好啦，12元，整体感觉很不错，一个人没事可以去坐坐，尝尝味道！,4.0,-2,-2,-2,-2,0,-2,-2,-1,-2,-2,1,1,-2,-2,1,1,-2,1
43146,不说味道，不说环境，点评你的服务，点评你的服务员和值班的经理，差到家。姥姥家吃过几家，整体感觉都很不错，唯独这家给我留下深刻印象。先说上菜顺序，炒菜一个没上，先上饼，就让你在那看着看着，你也别说人家什么都没给你上，人家还特有理，这不是有饼么？然后酱上的也很快，葱丝黄瓜丝跟着也来了，你妈我大饼卷大葱么？我擦，这饼过不了一会就凉，你让哦我卷你妈啊！！一个才不给上。接着土豆丝来了，在接着就20分钟什么都上，真是气的什么也吃不下了。理论也没有用，一点歉意没有，一个一个特有理特牛逼。大哥您做服务行业的最基本的都不会还开什么店啊，顾客的满意度你无法保证你菜炒成花儿也没人来啊！一直在找各种理由，一直在推卸责任，期间催过不下5次的菜，每次得到的回复就是马上就好。我特么最烦的就是听人说马上就好了，敷衍了事，他该干嘛干嘛去！实在忍不了了。告诉我按照下单顺序出菜，比我晚来的三四桌都上满了，我这就还一个土豆丝！我卷你妈逼啊！他们丫上菜的顺序就是看这土豆丝有3-4桌都点了，哎！大厨炒一个。这个菜要是就一两个人点，不给你炒，费油费事！都他妈鸡贼啊！！！做生意做到这点，我也是服了！您好好的挣钱开店，你这我就这一次。要是有专门管制你餐饮的相关单位我一定让你有点事干。别净顾着低头挣钱，也要是不是的抬头看看路，做人别太过分，做人要厚道！,1.0,-2,-2,-2,-2,-1,-2,-1,-2,-2,-2,-2,-2,-2,-2,-2,-2,-2,-2
5562,今天是第二次去吃，前天第一次去吃排队排了近一个小时，感觉非常好，特地叫了别的小伙伴也来吃。但今天很让我失望，五点不到就和小伙伴去吃了，当时我们是第一桌，鱼我感觉还可以吧。但是点了瓶冰的果粒橙，倒第一杯的时候菜还没上，发现里面有一大块冰块，叫服务员过来，他说冰久了，小伙伴问这样怎么喝，他说问问前台，结果我们等了半个多小时，他迟迟不给消息。直到我们喝的就剩下一大块冰块的时候叫了另外一个服务员过来，那服务员也是聪明的，和我们说在热水里泡一下让冰化掉了在给我们喝，小伙伴问几分钟，他说十分钟，可我们等了很久，结果拿过来的就感觉是掺了水一样，你让客户怎么喝，一瓶东西能有多少钱，要这个样子！吃了五分钟不到气不过就走了，反正以后不会再来了！这样有意思嘛！,3.0,-2,-2,-2,1,-1,-2,-2,-2,-2,-2,-2,-2,-2,-2,-2,1,-2,-2
43588,以前在没有这些蛋糕品牌之前，总觉得好利来是所有蛋糕品牌的老大，所以每年的生日我们基本上都在好利来里面订购蛋糕，自从有了慢城之后，从去年开始对这个全乳脂蛋糕的品牌有了更多的了解，今天正好赶上老公生日，我就团购了一个八寸的蛋糕，团购价才花了100多块钱，真的是非常合适，由于我家附近没有这个品牌的专门店，所以我选择了交通比较便利的营口道店，总的来说性价比还是比较不错的，里面的蛋糕，味道也很好，淡淡的甜味，不是那么的甜，感觉很健康，以后还会再来的！,5.0,1,-2,-2,-2,-2,-2,-2,1,1,0,-2,-2,-2,-2,-2,1,-2,-2
22783,感觉还不错，在道顿掘街里面，这条街上一共有三家吃螃蟹的店，招牌都是帝王蟹的样子，据说一家是爷爷开的，另一家是爸爸开的，还有一家是孙子开的，很有趣，我们选了这家，很干净，服务员都是穿和服，感觉很传统，螃蟹主演是吃腿，没有螃蟹盖，中国人除了吃腿之外其实也喜欢吃盖和黄，这点比较遗憾。腿可以吃熟的，也可以吃生的，味道比较鲜美，但是咱们北方人估计接受不了。还有蟹酒，是暖的，不去想想它是生蟹泡出来的话，味道还是比较美味芳香的。据说真正的当地人很少吃这家店，也几乎没吃过，来吃的基本都是游客。服务什么的都很贴心，第一次来大阪的朋友可以来尝试下，如果10分的话，我给8分！,5.0,-2,-2,-2,-2,1,-2,-2,-2,-2,-2,-2,-2,-2,1,-2,1,-2,-2
39933,这辈子没吃过这么差的饭店！绝对不会再去第二次！服务态度爆差，出品差，菜式普通，管理有问题！根本就是徒有虚名！叫了条鱼，等了N久才上，还亲眼那个阿姨将鱼上错去旁边两张台（其中一个女的还夹来食，乌糟到爆），再摞入厨房问是哪张台，再上来我地度！我立马说鱼退了不要，那个阿姨仲恶到乜，话无上错！拜托，同一个人，同一碟鱼！是他们管理问题，还要我们埋单负责，真是当我lulu。后来发飙坚决表明态度，鱼我不吃也不会给钱！全场吃饱了菜心（等了N久只上了一碟菜心），烧鹅只吃了一块，难吃！皮不脆，肉软淋淋。差！气饱了，不值得开一个钟车去食！垃圾菜馆！,1.0,-2,-2,-2,-2,-1,-2,-1,-2,-2,-2,-2,-2,-2,-2,-2,-1,-2,-2
34703,老实说此店在工作地方的旁边刚开时候路过都不需要排队的，现在超火爆有些被吓到，排了三个小时队吃上的。落座点餐时服务员也挺好的会告诉你怎么点菜优惠些，团购了双人餐自己又单点些共花去136米非常值。主打的牛肉丸、吊龙伴和匙仁特别好吃，一片一片削好摆放整齐在盘上，重点肉质真的是太美别的火锅店根本没法比，不愧是天津1%的肉源。锅底是牛骨浓汤锅底，单是用这个汤底涮菜就很好吃啦、里面还有自带的玉米根白萝卜也尝了下不错。炸豆皮没有想象中的好吃一般般，单点的干炒牛河也不太合胃口，不知道是不是油太多了味道很重反而有点过。总体来他家是不会失望的，吃了还想下次再吃的～,5.0,-2,-2,-2,-1,1,-2,-2,0,-2,1,-2,-2,-2,-2,-2,1,1,-2
29211,汗颜，没见过这么差的店，走了2家店都没位置，最后选择了这家，结果吃顿饭吃的超级不爽，味道还没家人做得好，从进门到点菜到吃上第一道菜到最后一道菜，差不多花了2.5小时，来玩的，全部浪费在这家店。因为已经看了2家，菜品都一样，价格都比其它的2家贵10元不等，看到有团购也就算了，大家千万别团，能不能用都是那个坐在收银台的老太说了算，结账的时候，幸好没团，老太说假期不能用，昨天周五，非周末，也非元旦、春节，怎么就不能用，她连句不好意思都没说，态度极差直接来句假日都不能用，可能有一桌吃了一半因为等不及，客人进厨房去催，出来就气的开彪了，反馈里面的人对她说，要吃就等着不吃走，于是那桌客人拍桌子没结账就走了，服务员还追出去了，汗颜吧，算了，老太都一把年纪了，奸商一枚，再也不来了，希望来游玩的别上当！另外这样的混乱模式，厨房重地的卫生情况也堪忧，相关部门也可以看看,1.0,-2,-2,-2,-2,-1,-2,-2,-1,-1,-1,-2,-2,-2,-1,-2,-2,-2,-1
47010,距离公司很近很近的一家东北菜饭馆，就在马路斜对面，我以前却从来没去吃过。某天领导请客，就去尝尝了。店很大，有上下两层，当然生意也是非常好的，尤其是午餐饭点的时候，周边的商务楼的都来了，一般点个菜上个菜要挺久的，催了也不快。店面比较干净，菜品也很清爽：空心菜很清爽；鸡蛋饼摊得很嫩；椒盐排条：椒盐是单独放置在小碟子里的，自己沾；农家小炒肉：不是很辣，很下饭。大概每天饭点人都很多，服务生也都习惯了吧，态度就那样了。,3.0,-2,1,1,-1,0,-2,-1,-2,-2,-2,-2,-2,1,1,-2,1,1,-2
47168,这家店应该很有年头了，在海光寺旁边一个路口里，挺不起眼的，进到门口感觉还挺正宗的，清真的招牌，而且能闻到羊肉的膻味，店面不大，屋里也就10来桌吧，基本都是四人桌。铜锅有两种，一种是景泰蓝的，一种是普通的，当然景泰蓝的也比较贵，两个人去吃，就点了普通的锅。要了一盘爆肚、一盘羊肉、一盘牛肉、一盘鱼豆腐、一盘冬瓜和一盘茼蒿，还点了瓶大可乐。小料点的事秘制的，麻酱的料里加了点韭菜花什么的，感觉还不错，料口味偏咸，但是可以加一点水，刚刚好。肚丝切得不错，七上八下后正好，口感爽脆有嚼头。两个人消费了110多，但是这门店不能刷卡，所以只好支付现金了。,5.0,-2,-2,-1,-2,-2,-2,-2,0,-2,-2,1,-2,0,-2,-2,1,1,-2
30637,环境幽雅别致，服务员小妹全程亲切友好面带微笑，让人心情愉悦……通过中间的大蒸锅加热蒸煮，将海鲜与蔬菜的清香自然完美的融合在了一起，去除了海鲜的腥味，保留下了海鲜最纯粹的鲜味…韭菜鸡蛋虾仁饺超级好吃，最为点心的选择十分不错……那个冰草是我第一次吃，开启了我肉食系人生对蔬菜世界的新认知……三个渔夫蒸汽海鲜是我第一次尝试海鲜的另类吃法，品种多样丰富，食材新鲜，口味极佳…在湖中路与华齐路交叉口，万达小区北面，区位明显，交通方便…,5.0,1,1,1,-2,1,-2,-2,-2,-2,-2,1,1,1,1,-2,1,-2,-2
43151,"不错，味道好，经常团，干净………………………………………………………………………………………………………………………………………………………………………………………………………………………………………………………………………………………………………………………………………………………………………,………………………………………………………………………………………………………………………………………",5.0,-2,-2,-2,-2,-2,-2,-2,-2,-2,0,-2,-2,-2,1,-2,1,-2,-2
31397,盯他家盯好久了，终于吃上了，一点儿没失望。休息时跟朋友在家不知道吃什么，搜索时看见宝妮家麻辣拌的照片就受不了了，毅然决然的打车过来了，让人不太开心的是司机居然有绕路嫌疑，上车后我们说了要去的地方，他居然说不认识，各种小路，等灯，心塞啊。店不难找，离南市场地铁口不远，小店不太大，店面不太让人想到是麻辣拌，有点像小咖啡店。店里人不少，要外卖的也很多，我们要了两份麻辣拌，一份加面，一份没有，还要了盘辣炒鸡架，和小串。麻辣拌真的很大盘，土豆片很多，口味属酸甜口，没有芝麻酱，很好吃，吃上就停不下来的节奏，加面的，面泡在汁里很好吃；辣炒鸡架量也很大，不太辣，也挺不错的；小串是桌桌必点啊，真的好小，是鸡肉串，一口一串，也挺好吃的。棒棒嗒麻辣拌。,5.0,1,-2,1,-2,-2,-2,-2,-2,-2,-2,-2,-2,0,-2,1,1,-2,-2
36817,超级大一碗！我团购的20元券，非常划算！好久没吃了今天发现所有的东西都涨价了，哎，深圳物价就是高。我点了个牛腩粉，份量很足，我一个人是吃不完的，但是又经常很怀念这个跟家乡一个味道的家家米粉，尤其是有着特殊香味的多辣椒，一看到就忍不住口水直流。每次都是特意跑来梅林这个店，吃完了就在我喜欢的服装品牌BELLO ANN逛逛当消食了，中午和晚上来吃的东西的人特别多，我一般不在饭点过来就感觉是VIP服务，呵呵,5.0,-2,-2,-2,-2,1,-2,-2,0,1,0,-2,-2,-2,-2,1,1,-2,-2
18519,家庭聚会，选的这里，坐的包房，环境一般般吧，在公园旁边。由于是聚会就没有拍照了。说说吃的，点了招牌山楂肉排，味道ok，酸甜酸甜，很多姜和山楂，感觉肉质可以再软一些就不错了，姑且给个好评吧。烧鹅点了例，份量不多，7，8人一人一块就没了。味道感觉一般，皮不够脆，肉不够入味，勉强及格分。清蒸桂鱼，感觉鱼不新鲜，140元条鱼，素质严重对不起。还有一个鸭汤，说好是汤结果上来是羹，有点酸的，感觉不好，严重忽悠。猪大肠，口感不够软，味道一般，做得不好。粉丝煲算是可以的，好评。山坑鱼辣椒，口味不错，还行，不过辣椒比较辣。小吃一般，鸡爪还行，青瓜和萝卜皮都不行。盐水菜心还可以，炒牛河不知所谓，比街边小吃店还差。买单600几，感觉没吃什么。全程没人主动加水和服务，整体出品和服务都不值这个价位，不会再去。,1.0,-2,-2,-2,-2,-1,-2,-2,0,-2,-2,0,0,0,0,0,0,-2,-2
44508,团购的一元的肉沫烤茄子。下班经过的时候去的。位置比较偏，在浅水湾旁边的小巷子中，小巷子的名字叫做旌湖路，挨着河边的入口就能看到旌湖路的路标。门口就有停车位，而且比较多，道路两边都可以停放，不过都不是免费停车位。\\n#环境#环境一般，店铺也不是很大。不过打扫得很干净卫生。厨房也是可见的。\\n#服务#一看就知道是一家五口的铺面，我去的时候，老板正在门口玩手机，我说我要一份烤茄子，直接就告知我今天没有肉沫了，要不改天去，要不可不可以换成酸辣味的烤茄子，酸辣味不需要肉沫，本来也没吃过酸辣味的烤茄子，于是便换了酸辣味的。说好之后我说是团购的，问了我要不要打包，于是便进厨房弄了。进店后老板娘和他们的儿子正在吃核桃，也很热情的请我吃并且端茶送水的，让我坐着等一等。\\n#菜品#菜品不算丰富，都是应季菜，一般都是买了什么菜才有什么菜，这点看上去感觉菜品比较新鲜。主打应该是鱼类，店铺里有鱼缸，都是活鱼现杀。这点挺好。而且做的是街坊生意，基本上我去的时候都是熟人去的。烧菜炒菜味道应该挺不错，不然也不会有那么多熟人去照顾生意了。\\n   我吃的是酸辣味的烤茄子。打包的，也没有加收打包费用，而且也没有因为是团购而减量减材料。食材很好，调料也很舍得，酸辣味道很不错。虽然没有肉沫，不过也很好吃。放了小米椒、醋，葱花等。汤汤比较多，因此老板拿出来的时候还专门提醒了我，提的时候要小心，不然汤要洒出来。虽说是汤，不过更贴切的应该说是醋。吃完了还剩下很多调味料，感觉还挺可惜的呢,4.0,-2,-2,-1,-2,0,0,-2,-2,-2,1,0,0,0,1,0,1,1,1
20571,开到满洲里，第一个想的就是吃俄餐，搜大众点评就是这家，就在我们住的酒店旁边，步行就到了，很好找，门口有个可爱滴熊，点的红菜汤，罐焖牛，熏牛排，老公最爱的全麦面包和黄啤，推荐的皇后沙拉和芝士饼。罐焖牛：牛肉很多，配上外边的酥皮，超好吃。熏牛排：服务员推荐的，没有血丝但是超嫩，也很厚。皇后沙拉：推荐菜，我个人觉得一般，吃多了会腻，一半都没吃完。芝士饼：很好吃，边里带夹心，一小张够两个人吃的。红菜汤：味道嘛，可圈可点吧，没什么大特色。整体很好吃，还不贵，装修非常有特色，来满洲里的小伙伴们来了一定要尝尝哟,5.0,-2,-2,1,-2,0,-2,-2,0,-2,-2,1,-2,-2,-2,1,1,-2,-2
2728,专门为了大禹开元这个酒店来的绍兴，位置在会稽山附近不算中心，不过自驾还是很好找的，周围比较偏僻没什么便利店or饭店，订房是送双人面馆券这点很方便，面味道不错就是原价很贵，还有一次免费的乘乌篷船机会，赞赞！走进酒店就像来到了一个古镇，静谧美丽古色古香，几乎见不到人，闻着桂花香走在青石板路上，一路走一路拍，怎么都不腻，晚上灯起，又是另一种味道。房间布置的也不错，但是这天气还是有蚊虫，干净程度一般。服务人员看态度都很好，进出还有小车接送，看边上在造二期，很期待哈哈。,5.0,-2,-2,0,-2,1,-2,-2,-1,-2,1,1,-2,-2,0,-2,1,-2,-2
17410,大香港的味道一直就是棒棒嗒～很久没有光顾了，今天一去发现现在走的是大众路线。菜单变成一张纸，价位相比较也很大众，再加上大众点评网上的代金劵，完美！我们是晚上六点多去的，店里面高朋满座，不过绕场一周后发现食客们点的菜品都基本差不多一个样子。再看看菜单明白了，原来选择比原来少了。不知中午会不会不一样。\\n推荐菜品：金钱肚，看了看大家都点了这道菜。我也随大流点了，肚子处理的非常到位，没有任何异味，卤制的软烂香。上来后好吃到不能停口，一份让我一个人全部吃掉，实在是有失风度。吃货就是这样。素包子，我想问问大厨怎么蒸的那么柔软可口，有什么妙招，家里蒸的总是皮硬硬的。素包子值得表扬的还有馅，黑木耳胡萝卜白菜都透着浓浓的香气。比肉包还好吃。不愧为大香港就是不一样啊。油饼，这是我吃的最好吃的油饼。不是死面炸的，酥软微脆，一口气吃俩。今天又贴秋膘厚厚一层，谁让它这么香呢。\\n服务：现场食客很多，所以有点混乱，总有服务员拿着不是我们点的菜过来问是不是我们这桌的。埋单时多亏让单子打出来看了一眼，多算了两个没有点的菜进去。这个冤枉钱是万万不能给的。提醒各位注意这点。不过服务员态度很耐心温和，对我解释了半天，还一直道歉。\\n环境：大厅还是多年前的大厅装修，但保持的还算整洁干净。就是食客很多，难免显得有点乱。\\n总之非常棒的餐厅，一定还会再来的。,5.0,-2,-2,-2,-2,1,-2,-2,0,-2,0,0,0,0,1,-2,1,-2,-2
32652,"第一次來光顧新麻蒲。雖然沒有十分喜歡,但整體感覺還算不錯。餐前小吃主要有泡菜、醃蘿蔔、蔬菜沙拉、豆芽、涼拌海帶及酸蘿蔔等等。味道普通,沒有十分出眾。比較特別的可能就是沙拉裡面的沙拉醬,感覺是黑芝麻磨成的,甜甜的味道,還不賴～#牛胸肉大醬湯#配著一碗白飯。整體感覺稍稍偏鹹..如果不配白飯直接喝的話,感覺味道還是太鹹了一些。#豬護心肉# 名字叫護心肉..但具體是哪個部分的肉還真沒弄清楚。感覺口感有點像豬頸肉的樣子..還蠻有嫩的。不小心烤焦了少少會有豬肉乾的味道。#秘制牛五花#薄薄的一片片牛肉,肥的部分蠻多的,然人感覺像吃烤肥牛。价格在他们家烤肉里算是比较便宜的,而且油脂的味道很香,不错吃哦。#雪花牛肉#这个是他们家烤肉里面价格比较贵的一种肉。不知道是不是因为期望越高失望越大,感觉很一般。可能是烤太久的原因,肉质比较韧。而且先不说蘸酱吃,僅僅是蘸了少許椒鹽配著吃也不覺得牛味有多浓郁,給人的感覺就是性价比不高。#爐邊的泡菜煎蛋# 雞蛋似乎烤太久了..煮得很老。感覺如果早些吃別煮太久的話,口感應該會比較滑嫩。最後講講服務..還是讓人比較滿意的。工作人員會幫客人烤肉..而且在烤的過程中還會細心地把烤焦的地方用剪刀剪掉,給個讚。",3.0,-2,-2,-2,-2,1,-2,-2,0,-1,-2,-2,-2,-2,-2,-2,0,-2,-2
1358,一直想喝粥 今天格外冷虽然身体不舒服还是来喝了 要的特色的海鲜粥 还有海带 白灼芥兰 首先海鲜粥应该是一只螃蟹 虾 贝类 味道还不错 不是特别的腻 记得之前喝内个潮汕砂锅粥香的过分了 吃了几口就腻了 这次一整锅我俩全喝了 海带味道也不错 要是能稍微再有一点点甜口儿应该会更好 白灼芥兰不太好吃 就是抄了一下芥兰 酱油调料是单独浇上去的 我更喜欢用热的汤汁浇上去的芥兰 这的价位是真便宜 119就搞定了 记得潮汕内个俩人花了300多 下次还会再来的。、,4.0,-2,-2,-2,-2,-2,-2,-2,1,-2,-2,-2,-2,-2,-2,-2,0,-2,-2
12500,周六上完课外班小馋猫想吃批萨，看见点评里国王牧场评价不错，于是带着小馋猫向桂林路出发，桂林路两面都是各种小吃，走过桂林路市场一直再往前走两分钟就看见他家了，在两条街中间。挨着牛啤烤肉。我们去的时候十一点多，楼上满了，楼下就剩一张桌了，真是挺火的，还有一桌外国人点的大份批萨，服务员很热情。人多我们等了一小会，我们点的小牛肉披萨，料还是很足的有很多小牛肉，薄批萨吃起来很香，薯条才十元，真的很划算，最爱的还是他家的手指牛排，沾着酱料很好吃，量也挺多。果汁饮料看着不错，因为来的时候我们在外面买的小吃和饮料，也吃不下太多，所以没点。连最想点的好评最多的肉酱意面也没点，还打包半份批萨，下次再来一定尝尝别的小食。,4.0,-2,-2,-2,-2,1,-2,-2,1,1,-2,-2,-2,-2,-2,1,1,1,-2
45089,就在卯建的前面，转了大半天终于找到的小饭馆。当然和这里风情一样，太地道太老失式的标准日式饭馆了。其实本来想门口围着炉子坐就很好了，但还是给我们让到里面包间。东西还可以，点单的女店员很亲切舒服～～语言不通也逗了小子又给了冰淇淋。最要感谢的是店老板～热情大汗～得知我们要去钱汤（因为民宿的浴室实在太简），这里交通又不便，特地叫店员开车送我们去了。岛国饮食店的男人们的朝气劲和大嗓门和业界喊话真是让人喜欢～畅快！男前足足的～！O大将～～真是谢谢尼～！（心）哈哈哈哈哈哈～！,5.0,-1,-2,-1,-2,1,-2,-2,-2,-2,-2,0,-2,-2,-2,-2,1,-2,-2
